<?xml version="1.0" encoding="UTF-8"?>
<metadata xml:lang="en"><Esri><CreaDate>20140218</CreaDate><CreaTime>16281900</CreaTime><ArcGISFormat>1.0</ArcGISFormat><SyncOnce>FALSE</SyncOnce><DataProperties><lineage><Process ToolSource="c:\program files\arcgis\desktop10.1\ArcToolbox\Toolboxes\Data Management Tools.tbx\CalculateField" Date="20130718" Time="215831">CalculateField "Capacity of Bike Parking per Street\Number of Bikes Parked per Street" PercentUse "[Sum_FIRS_7] / [Sum_FIRS_2]" VB #</Process><Process ToolSource="c:\program files\arcgis\desktop10.1\ArcToolbox\Toolboxes\Data Management Tools.tbx\CalculateField" Date="20130718" Time="221038">CalculateField "Capacity of Bike Parking per Street\Total Bikes Parked Divided by Formal Capacity" InformalBi [Sum_FIRS_7] VB #</Process><Process ToolSource="c:\program files\arcgis\desktop10.1\ArcToolbox\Toolboxes\Data Management Tools.tbx\CalculateField" Date="20130718" Time="221144">CalculateField "Capacity of Bike Parking per Street\Total Bikes Parked Divided by Formal Capacity" InformalBi [Sum_FIRS_7] VB #</Process><Process ToolSource="c:\program files\arcgis\desktop10.1\ArcToolbox\Toolboxes\Data Management Tools.tbx\CalculateField" Date="20130719" Time="171500">CalculateField "Capacity of Bike Parking per Street 3\Informally Parked Bikes Parked on Streets with No Bike Parking" MoreBikePa "[Sum_FIRS_7] - [Sum_FIRS_2]" VB #</Process><Process ToolSource="c:\program files\arcgis\desktop10.1\ArcToolbox\Toolboxes\Data Management Tools.tbx\CalculateField" Date="20130722" Time="093243">CalculateField "Capacity of Bike Parking per Street 3\Informally Parked Bikes Parked on Streets with No Bike Parking" MoreBikePa "[Sum_FIRS_2] - [Sum_FIRS_7]" VB #</Process><Process ToolSource="c:\program files\arcgis\desktop10.1\ArcToolbox\Toolboxes\Data Management Tools.tbx\CalculateField" Date="20130722" Time="093343">CalculateField "Capacity of Bike Parking per Street 3\Informally Parked Bikes Parked on Streets with No Bike Parking" MoreBikePa 0 VB #</Process><Process ToolSource="c:\program files\arcgis\desktop10.1\ArcToolbox\Toolboxes\Data Management Tools.tbx\CalculateField" Date="20130722" Time="093413">CalculateField "Capacity of Bike Parking per Street 3\Informally Parked Bikes Parked on Streets with No Bike Parking" MoreBikePa "([Sum_FIRS_2] - [Sum_FIRS_7]) *-1" VB #</Process><Process ToolSource="c:\program files\arcgis\desktop10.1\ArcToolbox\Toolboxes\Data Management Tools.tbx\Merge" Date="20140224" Time="164211">Merge StreetsSurveyed_1;StreetsSurveyed_2;StreetsSurveyed_3;StreetsSurveyed5;StreetsSurveyed_4 C:\Users\Ema.Yamamoto\Desktop\GIS\StreetsSurveyed_BikeParking.shp "OBJECTID "OBJECTID" true true false 9 Long 0 9 ,First,#,StreetsSurveyed_1,OBJECTID,-1,-1,StreetsSurveyed_2,OBJECTID,-1,-1,StreetsSurveyed_3,OBJECTID,-1,-1,StreetsSurveyed5,OBJECTID,-1,-1,StreetsSurveyed_4,OBJECTID,-1,-1;FNODE_ "FNODE_" true true false 11 Double 0 11 ,First,#,StreetsSurveyed_1,FNODE_,-1,-1,StreetsSurveyed_2,FNODE_,-1,-1,StreetsSurveyed_3,FNODE_,-1,-1,StreetsSurveyed5,FNODE_,-1,-1,StreetsSurveyed_4,FNODE_,-1,-1;TNODE_ "TNODE_" true true false 11 Double 0 11 ,First,#,StreetsSurveyed_1,TNODE_,-1,-1,StreetsSurveyed_2,TNODE_,-1,-1,StreetsSurveyed_3,TNODE_,-1,-1,StreetsSurveyed5,TNODE_,-1,-1,StreetsSurveyed_4,TNODE_,-1,-1;LPOLY_ "LPOLY_" true true false 11 Double 0 11 ,First,#,StreetsSurveyed_1,LPOLY_,-1,-1,StreetsSurveyed_2,LPOLY_,-1,-1,StreetsSurveyed_3,LPOLY_,-1,-1,StreetsSurveyed5,LPOLY_,-1,-1,StreetsSurveyed_4,LPOLY_,-1,-1;RPOLY_ "RPOLY_" true true false 11 Double 0 11 ,First,#,StreetsSurveyed_1,RPOLY_,-1,-1,StreetsSurveyed_2,RPOLY_,-1,-1,StreetsSurveyed_3,RPOLY_,-1,-1,StreetsSurveyed5,RPOLY_,-1,-1,StreetsSurveyed_4,RPOLY_,-1,-1;LENGTH "LENGTH" true true false 19 Double 5 18 ,First,#,StreetsSurveyed_1,LENGTH,-1,-1,StreetsSurveyed_2,LENGTH,-1,-1,StreetsSurveyed_3,LENGTH,-1,-1,StreetsSurveyed5,LENGTH,-1,-1,StreetsSurveyed_4,LENGTH,-1,-1;STCL2_ "STCL2_" true true false 11 Double 0 11 ,First,#,StreetsSurveyed_1,STCL2_,-1,-1,StreetsSurveyed_2,STCL2_,-1,-1,StreetsSurveyed_3,STCL2_,-1,-1,StreetsSurveyed5,STCL2_,-1,-1,StreetsSurveyed_4,STCL2_,-1,-1;STCL2_ID "STCL2_ID" true true false 11 Double 0 11 ,First,#,StreetsSurveyed_1,STCL2_ID,-1,-1,StreetsSurveyed_2,STCL2_ID,-1,-1,StreetsSurveyed_3,STCL2_ID,-1,-1,StreetsSurveyed5,STCL2_ID,-1,-1,StreetsSurveyed_4,STCL2_ID,-1,-1;PRE_DIR "PRE_DIR" true true false 2 Text 0 0 ,First,#,StreetsSurveyed_1,PRE_DIR,-1,-1,StreetsSurveyed_2,PRE_DIR,-1,-1,StreetsSurveyed_3,PRE_DIR,-1,-1,StreetsSurveyed5,PRE_DIR,-1,-1,StreetsSurveyed_4,PRE_DIR,-1,-1;ST_NAME "ST_NAME" true true false 30 Text 0 0 ,First,#,StreetsSurveyed_1,ST_NAME,-1,-1,StreetsSurveyed_2,ST_NAME,-1,-1,StreetsSurveyed_3,ST_NAME,-1,-1,StreetsSurveyed5,ST_NAME,-1,-1,StreetsSurveyed_4,ST_NAME,-1,-1;ST_TYPE "ST_TYPE" true true false 4 Text 0 0 ,First,#,StreetsSurveyed_1,ST_TYPE,-1,-1,StreetsSurveyed_2,ST_TYPE,-1,-1,StreetsSurveyed_3,ST_TYPE,-1,-1,StreetsSurveyed5,ST_TYPE,-1,-1,StreetsSurveyed_4,ST_TYPE,-1,-1;SUF_DIR "SUF_DIR" true true false 5 Text 0 0 ,First,#,StreetsSurveyed_1,SUF_DIR,-1,-1,StreetsSurveyed_2,SUF_DIR,-1,-1,StreetsSurveyed_3,SUF_DIR,-1,-1,StreetsSurveyed5,SUF_DIR,-1,-1,StreetsSurveyed_4,SUF_DIR,-1,-1;ZIP_LEFT "ZIP_LEFT" true true false 5 Long 0 5 ,First,#,StreetsSurveyed_1,ZIP_LEFT,-1,-1,StreetsSurveyed_2,ZIP_LEFT,-1,-1,StreetsSurveyed_3,ZIP_LEFT,-1,-1,StreetsSurveyed5,ZIP_LEFT,-1,-1,StreetsSurveyed_4,ZIP_LEFT,-1,-1;ZIP_RIGHT "ZIP_RIGHT" true true false 5 Long 0 5 ,First,#,StreetsSurveyed_1,ZIP_RIGHT,-1,-1,StreetsSurveyed_2,ZIP_RIGHT,-1,-1,StreetsSurveyed_3,ZIP_RIGHT,-1,-1,StreetsSurveyed5,ZIP_RIGHT,-1,-1,StreetsSurveyed_4,ZIP_RIGHT,-1,-1;L_F_ADD "L_F_ADD" true true false 6 Long 0 6 ,First,#,StreetsSurveyed_1,L_F_ADD,-1,-1,StreetsSurveyed_2,L_F_ADD,-1,-1,StreetsSurveyed_3,L_F_ADD,-1,-1,StreetsSurveyed5,L_F_ADD,-1,-1,StreetsSurveyed_4,L_F_ADD,-1,-1;L_T_ADD "L_T_ADD" true true false 6 Long 0 6 ,First,#,StreetsSurveyed_1,L_T_ADD,-1,-1,StreetsSurveyed_2,L_T_ADD,-1,-1,StreetsSurveyed_3,L_T_ADD,-1,-1,StreetsSurveyed5,L_T_ADD,-1,-1,StreetsSurveyed_4,L_T_ADD,-1,-1;R_F_ADD "R_F_ADD" true true false 6 Long 0 6 ,First,#,StreetsSurveyed_1,R_F_ADD,-1,-1,StreetsSurveyed_2,R_F_ADD,-1,-1,StreetsSurveyed_3,R_F_ADD,-1,-1,StreetsSurveyed5,R_F_ADD,-1,-1,StreetsSurveyed_4,R_F_ADD,-1,-1;R_T_ADD "R_T_ADD" true true false 6 Long 0 6 ,First,#,StreetsSurveyed_1,R_T_ADD,-1,-1,StreetsSurveyed_2,R_T_ADD,-1,-1,StreetsSurveyed_3,R_T_ADD,-1,-1,StreetsSurveyed5,R_T_ADD,-1,-1,StreetsSurveyed_4,R_T_ADD,-1,-1;ST_CODE "ST_CODE" true true false 5 Long 0 5 ,First,#,StreetsSurveyed_1,ST_CODE,-1,-1,StreetsSurveyed_2,ST_CODE,-1,-1,StreetsSurveyed_3,ST_CODE,-1,-1,StreetsSurveyed5,ST_CODE,-1,-1,StreetsSurveyed_4,ST_CODE,-1,-1;L_HUNDRED "L_HUNDRED" true true false 6 Long 0 6 ,First,#,StreetsSurveyed_1,L_HUNDRED,-1,-1,StreetsSurveyed_2,L_HUNDRED,-1,-1,StreetsSurveyed_3,L_HUNDRED,-1,-1,StreetsSurveyed5,L_HUNDRED,-1,-1,StreetsSurveyed_4,L_HUNDRED,-1,-1;R_HUNDRED "R_HUNDRED" true true false 6 Long 0 6 ,First,#,StreetsSurveyed_1,R_HUNDRED,-1,-1,StreetsSurveyed_2,R_HUNDRED,-1,-1,StreetsSurveyed_3,R_HUNDRED,-1,-1,StreetsSurveyed5,R_HUNDRED,-1,-1,StreetsSurveyed_4,R_HUNDRED,-1,-1;SEG_ID "SEG_ID" true true false 7 Long 0 7 ,First,#,StreetsSurveyed_1,SEG_ID,-1,-1,StreetsSurveyed_2,SEG_ID,-1,-1,StreetsSurveyed_3,SEG_ID,-1,-1,StreetsSurveyed5,SEG_ID,-1,-1,StreetsSurveyed_4,SEG_ID,-1,-1;ONEWAY "ONEWAY" true true false 2 Text 0 0 ,First,#,StreetsSurveyed_1,ONEWAY,-1,-1,StreetsSurveyed_2,ONEWAY,-1,-1,StreetsSurveyed_3,ONEWAY,-1,-1,StreetsSurveyed5,ONEWAY,-1,-1,StreetsSurveyed_4,ONEWAY,-1,-1;CLASS "CLASS" true true false 2 Short 0 2 ,First,#,StreetsSurveyed_1,CLASS,-1,-1,StreetsSurveyed_2,CLASS,-1,-1,StreetsSurveyed_3,CLASS,-1,-1,StreetsSurveyed5,CLASS,-1,-1,StreetsSurveyed_4,CLASS,-1,-1;RESPONSIBL "RESPONSIBL" true true false 15 Text 0 0 ,First,#,StreetsSurveyed_1,RESPONSIBL,-1,-1,StreetsSurveyed_2,RESPONSIBL,-1,-1,StreetsSurveyed_3,RESPONSIBL,-1,-1,StreetsSurveyed5,RESPONSIBL,-1,-1,StreetsSurveyed_4,RESPONSIBL,-1,-1;UPDATE_ "UPDATE_" true true false 8 Date 0 0 ,First,#,StreetsSurveyed_1,UPDATE_,-1,-1,StreetsSurveyed_2,UPDATE_,-1,-1,StreetsSurveyed_3,UPDATE_,-1,-1,StreetsSurveyed5,UPDATE_,-1,-1,StreetsSurveyed_4,UPDATE_,-1,-1;NEWSEGDATE "NEWSEGDATE" true true false 8 Date 0 0 ,First,#,StreetsSurveyed_1,NEWSEGDATE,-1,-1,StreetsSurveyed_2,NEWSEGDATE,-1,-1,StreetsSurveyed_3,NEWSEGDATE,-1,-1,StreetsSurveyed5,NEWSEGDATE,-1,-1,StreetsSurveyed_4,NEWSEGDATE,-1,-1;MULTI_REP "MULTI_REP" true true false 2 Short 0 2 ,First,#,StreetsSurveyed_1,MULTI_REP,-1,-1,StreetsSurveyed_2,MULTI_REP,-1,-1,StreetsSurveyed_3,MULTI_REP,-1,-1,StreetsSurveyed5,MULTI_REP,-1,-1,StreetsSurveyed_4,MULTI_REP,-1,-1;STNAME "STNAME" true true false 30 Text 0 0 ,First,#,StreetsSurveyed_1,STNAME,-1,-1,StreetsSurveyed_2,STNAME,-1,-1,StreetsSurveyed_3,STNAME,-1,-1,StreetsSurveyed5,STNAME,-1,-1,StreetsSurveyed_4,STNAME,-1,-1;LEN "LEN" true true false 19 Double 0 0 ,First,#,StreetsSurveyed_1,LEN,-1,-1,StreetsSurveyed_2,LEN,-1,-1,StreetsSurveyed_3,LEN,-1,-1,StreetsSurveyed5,LEN,-1,-1,StreetsSurveyed_4,LEN,-1,-1;Count_ "Count_" true true false 9 Long 0 9 ,First,#,StreetsSurveyed_1,Count_,-1,-1,StreetsSurveyed_2,Count_,-1,-1,StreetsSurveyed_3,Count_,-1,-1,StreetsSurveyed5,Count_,-1,-1,StreetsSurveyed_4,Count_,-1,-1;Sum_OBJECT "Sum_OBJECT" true true false 9 Long 0 9 ,First,#,StreetsSurveyed_1,Sum_OBJECT,-1,-1,StreetsSurveyed_2,Sum_OBJECT,-1,-1,StreetsSurveyed_3,Sum_OBJECT,-1,-1,StreetsSurveyed5,Sum_OBJECT,-1,-1,StreetsSurveyed_4,Sum_OBJECT,-1,-1;Sum_FIRS_2 "Sum_FIRS_2" true true false 9 Long 0 9 ,First,#,StreetsSurveyed_1,Sum_FIRS_2,-1,-1,StreetsSurveyed_2,Sum_FIRS_2,-1,-1,StreetsSurveyed_3,Sum_FIRS_2,-1,-1,StreetsSurveyed5,Sum_FIRS_2,-1,-1,StreetsSurveyed_4,Sum_FIRS_2,-1,-1;Sum_FIRS_7 "Sum_FIRS_7" true true false 9 Long 0 9 ,First,#,StreetsSurveyed_1,Sum_FIRS_7,-1,-1,StreetsSurveyed_2,Sum_FIRS_7,-1,-1,StreetsSurveyed_3,Sum_FIRS_7,-1,-1,StreetsSurveyed5,Sum_FIRS_7,-1,-1,StreetsSurveyed_4,Sum_FIRS_7,-1,-1;PercentUse "PercentUse" true true false 19 Double 0 0 ,First,#,StreetsSurveyed_1,PercentUse,-1,-1,StreetsSurveyed_2,PercentUse,-1,-1,StreetsSurveyed_3,PercentUse,-1,-1,StreetsSurveyed5,PercentUse,-1,-1,StreetsSurveyed_4,PercentUse,-1,-1;InformalBi "InformalBi" true true false 19 Double 0 0 ,First,#,StreetsSurveyed_1,InformalBi,-1,-1,StreetsSurveyed_2,InformalBi,-1,-1,StreetsSurveyed_3,InformalBi,-1,-1,StreetsSurveyed5,InformalBi,-1,-1,StreetsSurveyed_4,InformalBi,-1,-1;MoreBikePa "MoreBikePa" true true false 19 Double 0 0 ,First,#,StreetsSurveyed_1,MoreBikePa,-1,-1,StreetsSurveyed_2,MoreBikePa,-1,-1,StreetsSurveyed_3,MoreBikePa,-1,-1,StreetsSurveyed5,MoreBikePa,-1,-1,StreetsSurveyed_4,MoreBikePa,-1,-1;Distance "Distance" true true false 19 Double 0 0 ,First,#,StreetsSurveyed_1,Distance,-1,-1,StreetsSurveyed_2,Distance,-1,-1,StreetsSurveyed_3,Distance,-1,-1,StreetsSurveyed5,Distance,-1,-1,StreetsSurveyed_4,Distance,-1,-1"</Process></lineage><itemProps><itemName Sync="TRUE">StreetsSurveyed_BikeParking</itemName><imsContentType Sync="TRUE">002</imsContentType><itemSize Sync="TRUE">0.000</itemSize><itemLocation><linkage Sync="TRUE">file://\\MDO-W-29M26V1\C$\Users\Ema.Yamamoto\Desktop\GIS\StreetsSurveyed_BikeParking.shp</linkage><protocol Sync="TRUE">Local Area Network</protocol></itemLocation></itemProps><coordRef><type Sync="TRUE">Projected</type><geogcsn Sync="TRUE">GCS_North_American_1983</geogcsn><csUnits Sync="TRUE">Linear Unit: Foot_US (0.304801)</csUnits><projcsn Sync="TRUE">NAD_1983_StatePlane_Pennsylvania_South_FIPS_3702_Feet</projcsn><peXml Sync="TRUE">&lt;ProjectedCoordinateSystem xsi:type='typens:ProjectedCoordinateSystem' xmlns:xsi='http://www.w3.org/2001/XMLSchema-instance' xmlns:xs='http://www.w3.org/2001/XMLSchema' xmlns:typens='http://www.esri.com/schemas/ArcGIS/10.1'&gt;&lt;WKT&gt;PROJCS[&amp;quot;NAD_1983_StatePlane_Pennsylvania_South_FIPS_3702_Feet&amp;quot;,GEOGCS[&amp;quot;GCS_North_American_1983&amp;quot;,DATUM[&amp;quot;D_North_American_1983&amp;quot;,SPHEROID[&amp;quot;GRS_1980&amp;quot;,6378137.0,298.257222101]],PRIMEM[&amp;quot;Greenwich&amp;quot;,0.0],UNIT[&amp;quot;Degree&amp;quot;,0.0174532925199433]],PROJECTION[&amp;quot;Lambert_Conformal_Conic&amp;quot;],PARAMETER[&amp;quot;False_Easting&amp;quot;,1968500.0],PARAMETER[&amp;quot;False_Northing&amp;quot;,0.0],PARAMETER[&amp;quot;Central_Meridian&amp;quot;,-77.75],PARAMETER[&amp;quot;Standard_Parallel_1&amp;quot;,39.93333333333333],PARAMETER[&amp;quot;Standard_Parallel_2&amp;quot;,40.96666666666667],PARAMETER[&amp;quot;Latitude_Of_Origin&amp;quot;,39.33333333333334],UNIT[&amp;quot;Foot_US&amp;quot;,0.3048006096012192],AUTHORITY[&amp;quot;EPSG&amp;quot;,2272]]&lt;/WKT&gt;&lt;XOrigin&gt;-119214200&lt;/XOrigin&gt;&lt;YOrigin&gt;-96198500&lt;/YOrigin&gt;&lt;XYScale&gt;37163717.489134133&lt;/XYScale&gt;&lt;ZOrigin&gt;-100000&lt;/ZOrigin&gt;&lt;ZScale&gt;10000&lt;/ZScale&gt;&lt;MOrigin&gt;-100000&lt;/MOrigin&gt;&lt;MScale&gt;10000&lt;/MScale&gt;&lt;XYTolerance&gt;0.0032808333333333331&lt;/XYTolerance&gt;&lt;ZTolerance&gt;0.001&lt;/ZTolerance&gt;&lt;MTolerance&gt;0.001&lt;/MTolerance&gt;&lt;HighPrecision&gt;true&lt;/HighPrecision&gt;&lt;WKID&gt;102729&lt;/WKID&gt;&lt;LatestWKID&gt;2272&lt;/LatestWKID&gt;&lt;/ProjectedCoordinateSystem&gt;</peXml></coordRef></DataProperties><SyncDate>20140224</SyncDate><SyncTime>16421100</SyncTime><ModDate>20140224</ModDate><ModTime>16421100</ModTime></Esri><dataIdInfo><envirDesc Sync="TRUE">Microsoft Windows 7 Version 6.1 (Build 7601) Service Pack 1; Esri ArcGIS 10.1.0.3035</envirDesc><dataLang><languageCode value="eng" Sync="TRUE"></languageCode><countryCode value="USA" Sync="TRUE"></countryCode></dataLang><idCitation><resTitle Sync="TRUE">StreetsSurveyed_BikeParking</resTitle><presForm><PresFormCd value="005" Sync="TRUE"></PresFormCd></presForm></idCitation><spatRpType><SpatRepTypCd value="001" Sync="TRUE"></SpatRepTypCd></spatRpType></dataIdInfo><mdLang><languageCode value="eng" Sync="TRUE"></languageCode><countryCode value="USA" Sync="TRUE"></countryCode></mdLang><mdChar><CharSetCd value="004" Sync="TRUE"></CharSetCd></mdChar><distInfo><distFormat><formatName Sync="TRUE">Shapefile</formatName></distFormat><distTranOps><transSize Sync="TRUE">0.000</transSize></distTranOps></distInfo><mdHrLv><ScopeCd value="005" Sync="TRUE"></ScopeCd></mdHrLv><mdHrLvName Sync="TRUE">dataset</mdHrLvName><refSysInfo><RefSystem><refSysID><identCode code="2272" Sync="TRUE"></identCode><idCodeSpace Sync="TRUE">EPSG</idCodeSpace><idVersion Sync="TRUE">7.9.4</idVersion></refSysID></RefSystem></refSysInfo><spatRepInfo><VectSpatRep><geometObjs Name="StreetsSurveyed_BikeParking"><geoObjTyp><GeoObjTypCd value="002" Sync="TRUE"></GeoObjTypCd></geoObjTyp><geoObjCnt Sync="TRUE">0</geoObjCnt></geometObjs><topLvl><TopoLevCd value="001" Sync="TRUE"></TopoLevCd></topLvl></VectSpatRep></spatRepInfo><spdoinfo><ptvctinf><esriterm Name="StreetsSurveyed_BikeParking"><efeatyp Sync="TRUE">Simple</efeatyp><efeageom code="3" Sync="TRUE"></efeageom><esritopo Sync="TRUE">FALSE</esritopo><efeacnt Sync="TRUE">0</efeacnt><spindex Sync="TRUE">FALSE</spindex><linrefer Sync="TRUE">FALSE</linrefer></esriterm></ptvctinf></spdoinfo><eainfo><detailed Name="StreetsSurveyed_BikeParking"><enttyp><enttypl Sync="TRUE">StreetsSurveyed_BikeParking</enttypl><enttypt Sync="TRUE">Feature Class</enttypt><enttypc Sync="TRUE">0</enttypc></enttyp><attr><attrlabl Sync="TRUE">FID</attrlabl><attalias Sync="TRUE">FID</attalias><attrtype Sync="TRUE">OID</attrtype><attwidth Sync="TRUE">4</attwidth><atprecis Sync="TRUE">0</atprecis><attscale Sync="TRUE">0</attscale><attrdef Sync="TRUE">Internal feature number.</attrdef><attrdefs Sync="TRUE">Esri</attrdefs><attrdomv><udom Sync="TRUE">Sequential unique whole numbers that are automatically generated.</udom></attrdomv></attr><attr><attrlabl Sync="TRUE">Shape</attrlabl><attalias Sync="TRUE">Shape</attalias><attrtype Sync="TRUE">Geometry</attrtype><attwidth Sync="TRUE">0</attwidth><atprecis Sync="TRUE">0</atprecis><attscale Sync="TRUE">0</attscale><attrdef Sync="TRUE">Feature geometry.</attrdef><attrdefs Sync="TRUE">Esri</attrdefs><attrdomv><udom Sync="TRUE">Coordinates defining the features.</udom></attrdomv></attr><attr><attrlabl Sync="TRUE">OBJECTID</attrlabl><attalias Sync="TRUE">OBJECTID</attalias><attrtype Sync="TRUE">Integer</attrtype><attwidth Sync="TRUE">9</attwidth><atprecis Sync="TRUE">9</atprecis><attscale Sync="TRUE">0</attscale></attr><attr><attrlabl Sync="TRUE">FNODE_</attrlabl><attalias Sync="TRUE">FNODE_</attalias><attrtype Sync="TRUE">Double</attrtype><attwidth Sync="TRUE">11</attwidth><atprecis Sync="TRUE">11</atprecis><attscale Sync="TRUE">0</attscale></attr><attr><attrlabl Sync="TRUE">TNODE_</attrlabl><attalias Sync="TRUE">TNODE_</attalias><attrtype Sync="TRUE">Double</attrtype><attwidth Sync="TRUE">11</attwidth><atprecis Sync="TRUE">11</atprecis><attscale Sync="TRUE">0</attscale></attr><attr><attrlabl Sync="TRUE">LPOLY_</attrlabl><attalias Sync="TRUE">LPOLY_</attalias><attrtype Sync="TRUE">Double</attrtype><attwidth Sync="TRUE">11</attwidth><atprecis Sync="TRUE">11</atprecis><attscale Sync="TRUE">0</attscale></attr><attr><attrlabl Sync="TRUE">RPOLY_</attrlabl><attalias Sync="TRUE">RPOLY_</attalias><attrtype Sync="TRUE">Double</attrtype><attwidth Sync="TRUE">11</attwidth><atprecis Sync="TRUE">11</atprecis><attscale Sync="TRUE">0</attscale></attr><attr><attrlabl Sync="TRUE">LENGTH</attrlabl><attalias Sync="TRUE">LENGTH</attalias><attrtype Sync="TRUE">Double</attrtype><attwidth Sync="TRUE">19</attwidth><atprecis Sync="TRUE">18</atprecis><attscale Sync="TRUE">5</attscale></attr><attr><attrlabl Sync="TRUE">STCL2_</attrlabl><attalias Sync="TRUE">STCL2_</attalias><attrtype Sync="TRUE">Double</attrtype><attwidth Sync="TRUE">11</attwidth><atprecis Sync="TRUE">11</atprecis><attscale Sync="TRUE">0</attscale></attr><attr><attrlabl Sync="TRUE">STCL2_ID</attrlabl><attalias Sync="TRUE">STCL2_ID</attalias><attrtype Sync="TRUE">Double</attrtype><attwidth Sync="TRUE">11</attwidth><atprecis Sync="TRUE">11</atprecis><attscale Sync="TRUE">0</attscale></attr><attr><attrlabl Sync="TRUE">PRE_DIR</attrlabl><attalias Sync="TRUE">PRE_DIR</attalias><attrtype Sync="TRUE">String</attrtype><attwidth Sync="TRUE">2</attwidth><atprecis Sync="TRUE">0</atprecis><attscale Sync="TRUE">0</attscale></attr><attr><attrlabl Sync="TRUE">ST_NAME</attrlabl><attalias Sync="TRUE">ST_NAME</attalias><attrtype Sync="TRUE">String</attrtype><attwidth Sync="TRUE">30</attwidth><atprecis Sync="TRUE">0</atprecis><attscale Sync="TRUE">0</attscale></attr><attr><attrlabl Sync="TRUE">ST_TYPE</attrlabl><attalias Sync="TRUE">ST_TYPE</attalias><attrtype Sync="TRUE">String</attrtype><attwidth Sync="TRUE">4</attwidth><atprecis Sync="TRUE">0</atprecis><attscale Sync="TRUE">0</attscale></attr><attr><attrlabl Sync="TRUE">SUF_DIR</attrlabl><attalias Sync="TRUE">SUF_DIR</attalias><attrtype Sync="TRUE">String</attrtype><attwidth Sync="TRUE">5</attwidth><atprecis Sync="TRUE">0</atprecis><attscale Sync="TRUE">0</attscale></attr><attr><attrlabl Sync="TRUE">ZIP_LEFT</attrlabl><attalias Sync="TRUE">ZIP_LEFT</attalias><attrtype Sync="TRUE">Integer</attrtype><attwidth Sync="TRUE">5</attwidth><atprecis Sync="TRUE">5</atprecis><attscale Sync="TRUE">0</attscale></attr><attr><attrlabl Sync="TRUE">ZIP_RIGHT</attrlabl><attalias Sync="TRUE">ZIP_RIGHT</attalias><attrtype Sync="TRUE">Integer</attrtype><attwidth Sync="TRUE">5</attwidth><atprecis Sync="TRUE">5</atprecis><attscale Sync="TRUE">0</attscale></attr><attr><attrlabl Sync="TRUE">L_F_ADD</attrlabl><attalias Sync="TRUE">L_F_ADD</attalias><attrtype Sync="TRUE">Integer</attrtype><attwidth Sync="TRUE">6</attwidth><atprecis Sync="TRUE">6</atprecis><attscale Sync="TRUE">0</attscale></attr><attr><attrlabl Sync="TRUE">L_T_ADD</attrlabl><attalias Sync="TRUE">L_T_ADD</attalias><attrtype Sync="TRUE">Integer</attrtype><attwidth Sync="TRUE">6</attwidth><atprecis Sync="TRUE">6</atprecis><attscale Sync="TRUE">0</attscale></attr><attr><attrlabl Sync="TRUE">R_F_ADD</attrlabl><attalias Sync="TRUE">R_F_ADD</attalias><attrtype Sync="TRUE">Integer</attrtype><attwidth Sync="TRUE">6</attwidth><atprecis Sync="TRUE">6</atprecis><attscale Sync="TRUE">0</attscale></attr><attr><attrlabl Sync="TRUE">R_T_ADD</attrlabl><attalias Sync="TRUE">R_T_ADD</attalias><attrtype Sync="TRUE">Integer</attrtype><attwidth Sync="TRUE">6</attwidth><atprecis Sync="TRUE">6</atprecis><attscale Sync="TRUE">0</attscale></attr><attr><attrlabl Sync="TRUE">ST_CODE</attrlabl><attalias Sync="TRUE">ST_CODE</attalias><attrtype Sync="TRUE">Integer</attrtype><attwidth Sync="TRUE">5</attwidth><atprecis Sync="TRUE">5</atprecis><attscale Sync="TRUE">0</attscale></attr><attr><attrlabl Sync="TRUE">L_HUNDRED</attrlabl><attalias Sync="TRUE">L_HUNDRED</attalias><attrtype Sync="TRUE">Integer</attrtype><attwidth Sync="TRUE">6</attwidth><atprecis Sync="TRUE">6</atprecis><attscale Sync="TRUE">0</attscale></attr><attr><attrlabl Sync="TRUE">R_HUNDRED</attrlabl><attalias Sync="TRUE">R_HUNDRED</attalias><attrtype Sync="TRUE">Integer</attrtype><attwidth Sync="TRUE">6</attwidth><atprecis Sync="TRUE">6</atprecis><attscale Sync="TRUE">0</attscale></attr><attr><attrlabl Sync="TRUE">SEG_ID</attrlabl><attalias Sync="TRUE">SEG_ID</attalias><attrtype Sync="TRUE">Integer</attrtype><attwidth Sync="TRUE">7</attwidth><atprecis Sync="TRUE">7</atprecis><attscale Sync="TRUE">0</attscale></attr><attr><attrlabl Sync="TRUE">ONEWAY</attrlabl><attalias Sync="TRUE">ONEWAY</attalias><attrtype Sync="TRUE">String</attrtype><attwidth Sync="TRUE">2</attwidth><atprecis Sync="TRUE">0</atprecis><attscale Sync="TRUE">0</attscale></attr><attr><attrlabl Sync="TRUE">CLASS</attrlabl><attalias Sync="TRUE">CLASS</attalias><attrtype Sync="TRUE">SmallInteger</attrtype><attwidth Sync="TRUE">2</attwidth><atprecis Sync="TRUE">2</atprecis><attscale Sync="TRUE">0</attscale></attr><attr><attrlabl Sync="TRUE">RESPONSIBL</attrlabl><attalias Sync="TRUE">RESPONSIBL</attalias><attrtype Sync="TRUE">String</attrtype><attwidth Sync="TRUE">15</attwidth><atprecis Sync="TRUE">0</atprecis><attscale Sync="TRUE">0</attscale></attr><attr><attrlabl Sync="TRUE">UPDATE_</attrlabl><attalias Sync="TRUE">UPDATE_</attalias><attrtype Sync="TRUE">Date</attrtype><attwidth Sync="TRUE">8</attwidth><atprecis Sync="TRUE">0</atprecis><attscale Sync="TRUE">0</attscale></attr><attr><attrlabl Sync="TRUE">NEWSEGDATE</attrlabl><attalias Sync="TRUE">NEWSEGDATE</attalias><attrtype Sync="TRUE">Date</attrtype><attwidth Sync="TRUE">8</attwidth><atprecis Sync="TRUE">0</atprecis><attscale Sync="TRUE">0</attscale></attr><attr><attrlabl Sync="TRUE">MULTI_REP</attrlabl><attalias Sync="TRUE">MULTI_REP</attalias><attrtype Sync="TRUE">SmallInteger</attrtype><attwidth Sync="TRUE">2</attwidth><atprecis Sync="TRUE">2</atprecis><attscale Sync="TRUE">0</attscale></attr><attr><attrlabl Sync="TRUE">STNAME</attrlabl><attalias Sync="TRUE">STNAME</attalias><attrtype Sync="TRUE">String</attrtype><attwidth Sync="TRUE">30</attwidth><atprecis Sync="TRUE">0</atprecis><attscale Sync="TRUE">0</attscale></attr><attr><attrlabl Sync="TRUE">LEN</attrlabl><attalias Sync="TRUE">LEN</attalias><attrtype Sync="TRUE">Double</attrtype><attwidth Sync="TRUE">19</attwidth><atprecis Sync="TRUE">0</atprecis><attscale Sync="TRUE">0</attscale></attr><attr><attrlabl Sync="TRUE">Count_</attrlabl><attalias Sync="TRUE">Count_</attalias><attrtype Sync="TRUE">Integer</attrtype><attwidth Sync="TRUE">9</attwidth><atprecis Sync="TRUE">9</atprecis><attscale Sync="TRUE">0</attscale></attr><attr><attrlabl Sync="TRUE">Sum_OBJECT</attrlabl><attalias Sync="TRUE">Sum_OBJECT</attalias><attrtype Sync="TRUE">Integer</attrtype><attwidth Sync="TRUE">9</attwidth><atprecis Sync="TRUE">9</atprecis><attscale Sync="TRUE">0</attscale></attr><attr><attrlabl Sync="TRUE">Sum_FIRS_2</attrlabl><attalias Sync="TRUE">Sum_FIRS_2</attalias><attrtype Sync="TRUE">Integer</attrtype><attwidth Sync="TRUE">9</attwidth><atprecis Sync="TRUE">9</atprecis><attscale Sync="TRUE">0</attscale></attr><attr><attrlabl Sync="TRUE">Sum_FIRS_7</attrlabl><attalias Sync="TRUE">Sum_FIRS_7</attalias><attrtype Sync="TRUE">Integer</attrtype><attwidth Sync="TRUE">9</attwidth><atprecis Sync="TRUE">9</atprecis><attscale Sync="TRUE">0</attscale></attr><attr><attrlabl Sync="TRUE">PercentUse</attrlabl><attalias Sync="TRUE">PercentUse</attalias><attrtype Sync="TRUE">Double</attrtype><attwidth Sync="TRUE">19</attwidth><atprecis Sync="TRUE">0</atprecis><attscale Sync="TRUE">0</attscale></attr><attr><attrlabl Sync="TRUE">InformalBi</attrlabl><attalias Sync="TRUE">InformalBi</attalias><attrtype Sync="TRUE">Double</attrtype><attwidth Sync="TRUE">19</attwidth><atprecis Sync="TRUE">0</atprecis><attscale Sync="TRUE">0</attscale></attr><attr><attrlabl Sync="TRUE">MoreBikePa</attrlabl><attalias Sync="TRUE">MoreBikePa</attalias><attrtype Sync="TRUE">Double</attrtype><attwidth Sync="TRUE">19</attwidth><atprecis Sync="TRUE">0</atprecis><attscale Sync="TRUE">0</attscale></attr><attr><attrlabl Sync="TRUE">Distance</attrlabl><attalias Sync="TRUE">Distance</attalias><attrtype Sync="TRUE">Double</attrtype><attwidth Sync="TRUE">19</attwidth><atprecis Sync="TRUE">0</atprecis><attscale Sync="TRUE">0</attscale></attr></detailed></eainfo><mdDateSt Sync="TRUE">20140224</mdDateSt></metadata>
