RACK_TYPE,BIKE_COUNT,LAT,LNG
Staple or Inverted-U,2.0,39.9544914675,-75.1714638714
Converted Parking Meter,2.0,39.9562532594,-75.1709820799
Converted Parking Meter,1.0,39.9545892423,-75.1487575468
Staple or Inverted-U,2.0,39.9567885701,-75.1707621391
Converted Parking Meter,2.0,39.9567885701,-75.1707621391
Staple or Inverted-U,2.0,39.956900091,-75.1707517446
Converted Parking Meter,2.0,39.9569207941,-75.1706935748
Converted Parking Meter,1.0,39.9544026611,-75.1464333289
Staple or Inverted-U,2.0,39.9571327724,-75.1708698455
Staple or Inverted-U,2.0,39.9571507941,-75.1708519925
Staple or Inverted-U,2.0,39.9571507941,-75.1708519925
Staple or Inverted-U,2.0,39.9571749756,-75.1708557649
Staple or Inverted-U,2.0,39.9571666776,-75.1708652357
Staple or Inverted-U,2.0,39.9541128311,-75.1452489689
Staple or Inverted-U,2.0,39.9540838428,-75.1450068472
Staple or Inverted-U,2.0,39.9573170488,-75.1722961102
Staple or Inverted-U,2.0,39.9574093756,-75.1723285491
Staple or Inverted-U,2.0,39.9573962579,-75.1723360928
Staple or Inverted-U,2.0,39.957302883,-75.1724605635
Staple or Inverted-U,2.0,39.9572649556,-75.1724763214
Converted Parking Meter,2.0,39.9580151357,-75.1722471609
Converted Parking Meter,2.0,39.9580161415,-75.172151858
Converted Parking Meter,2.0,39.9582318497,-75.1721194196
Converted Parking Meter,2.0,39.9583443347,-75.1721051714
Converted Parking Meter,2.0,39.9585089553,-75.1720050073
Staple or Inverted-U,2.0,39.9549369235,-75.1525786898
Staple or Inverted-U,2.0,39.9585781479,-75.1720515267
Staple or Inverted-U,2.0,39.9586109628,-75.1722909972
Staple or Inverted-U,2.0,39.9585958339,-75.1723106114
Staple or Inverted-U,2.0,39.9540213195,-75.1452097509
Staple or Inverted-U,2.0,39.9539978019,-75.1449564766
Staple or Inverted-U,2.0,39.953899102,-75.1442217782
Converted Parking Meter,1.0,39.9539496262,-75.1445542985
Converted Parking Meter,1.0,39.9538639511,-75.1439384849
Staple or Inverted-U,2.0,39.9538118546,-75.1435719013
Staple or Inverted-U,2.0,39.9537906479,-75.1434307168
Staple or Inverted-U,2.0,39.9537759865,-75.1431913757
Wave,4.0,39.9549722934,-75.1507557091
Wave,4.0,39.954978771,-75.1508032341
Wave,4.0,39.9549025502,-75.150162941
Wave,4.0,39.9548992918,-75.1501186004
Staple or Inverted-U,2.0,39.9545697955,-75.1496907563
Staple or Inverted-U,2.0,39.9545914241,-75.1498675138
Staple or Inverted-U,2.0,39.954580781,-75.149808628
Staple or Inverted-U,2.0,39.9545835598,-75.1497465803
Converted Parking Meter,1.0,39.9545808704,-75.1486759079
Converted Parking Meter,1.0,39.954559097,-75.1483964554
Staple or Inverted-U,2.0,39.9541247056,-75.1453662292
Converted Parking Meter,1.0,39.9540919693,-75.1450933977
Converted Parking Meter,2.0,39.9538067179,-75.1435488235
Staple or Inverted-U,2.0,39.9537632532,-75.1431133782
Converted Parking Meter,1.0,39.9540323906,-75.1452821837
Converted Parking Meter,2.0,39.9541038489,-75.1458599552
Converted Parking Meter,1.0,39.9545331357,-75.1464160723
Street Corral,8.0,39.9540973375,-75.1636101981
Street Corral,8.0,39.9539171502,-75.1636542289
Wave,16.0,39.9537749343,-75.1636906184
Street Corral,10.0,39.9539073738,-75.1648069275
Staple or Inverted-U,2.0,39.9555675095,-75.1645300171
Staple or Inverted-U,6.0,39.9566138019,-75.164412757
Staple or Inverted-U,4.0,39.9568233498,-75.1642963605
Staple or Inverted-U,2.0,39.956836086,-75.1644383732
Staple or Inverted-U,8.0,39.9568852484,-75.1646099784
Staple or Inverted-U,14.0,39.9569529071,-75.1647560974
Wave,10.0,39.9576362652,-75.1644017267
School Yard,18.0,39.9586247008,-75.1634099659
Converted Parking Meter,2.0,39.9569638819,-75.1627049419
Converted Parking Meter,2.0,39.9568097561,-75.1627417898
Staple or Inverted-U,2.0,39.9563020701,-75.1634859986
Staple or Inverted-U,2.0,39.9561170334,-75.1628920783
Converted Parking Meter,2.0,39.9557778177,-75.1629669498
Staple or Inverted-U,8.0,39.9530396054,-75.1639602227
Staple or Inverted-U,6.0,39.9529210223,-75.1629301352
Staple or Inverted-U,4.0,39.9517598956,-75.1636108915
Staple or Inverted-U,4.0,39.9508903441,-75.1642185793
Staple or Inverted-U,2.0,39.9508899452,-75.1643595318
Staple or Inverted-U,2.0,39.9509109435,-75.1645507787
Staple or Inverted-U,2.0,39.9509870947,-75.1645447834
Staple or Inverted-U,2.0,39.9510015849,-75.1646588402
Converted Parking Meter,2.0,39.9510637405,-75.1651954441
Converted Parking Meter,2.0,39.9510489719,-75.165069008
Staple or Inverted-U,2.0,39.9510346208,-75.1649611411
Converted Parking Meter,2.0,39.9510225827,-75.1648500875
Converted Parking Meter,2.0,39.951008302,-75.1647453157
Staple or Inverted-U,2.0,39.9510728384,-75.1652818292
Staple or Inverted-U,2.0,39.9510964264,-75.1654822703
Converted Parking Meter,2.0,39.9511097302,-75.1655437149
Staple or Inverted-U,2.0,39.9510056463,-75.1653680174
Staple or Inverted-U,2.0,39.9510270029,-75.1654694235
Staple or Inverted-U,2.0,39.9513776886,-75.1655861806
Staple or Inverted-U,2.0,39.9526330431,-75.1653308932
Staple or Inverted-U,2.0,39.9526448715,-75.1654326642
Staple or Inverted-U,2.0,39.9526834479,-75.1656635165
Converted Parking Meter,2.0,39.9559134724,-75.1710529356
Converted Parking Meter,2.0,39.9576380979,-75.1722908081
Staple or Inverted-U,2.0,39.9577786288,-75.1596163563
Staple or Inverted-U,2.0,39.9577660256,-75.1594805321
Staple or Inverted-U,2.0,39.9532684357,-75.1619504479
Staple or Inverted-U,0.0,39.9532173218,-75.1615868753
Staple or Inverted-U,6.0,39.9531825925,-75.1613156074
Converted Parking Meter,1.0,39.9531586489,-75.1610996858
Converted Parking Meter,2.0,39.9530885029,-75.1603155635
Staple or Inverted-U,2.0,39.9530816437,-75.1602228966
Converted Parking Meter,2.0,39.9530649758,-75.1601182135
Converted Parking Meter,2.0,39.9530291267,-75.1597974282
Converted Parking Meter,2.0,39.9530313629,-75.1598964668
Converted Parking Meter,2.0,39.9530480301,-75.1600011498
Staple or Inverted-U,2.0,39.9533805401,-75.1595238298
Converted Parking Meter,2.0,39.9539158153,-75.158524562
Converted Parking Meter,2.0,39.9539337422,-75.158684957
Converted Parking Meter,2.0,39.9539652506,-75.1590244976
Converted Parking Meter,2.0,39.9539029311,-75.1583763661
Converted Parking Meter,2.0,39.9538695936,-75.1581669971
Converted Parking Meter,2.0,39.9538415793,-75.1579822068
Converted Parking Meter,1.0,39.9539559186,-75.1577672029
Converted Parking Meter,2.0,39.954221572,-75.1577075053
Converted Parking Meter,0.0,39.9547865042,-75.1575992162
Converted Parking Meter,2.0,39.9548908881,-75.1575766472
Converted Parking Meter,2.0,39.9551042799,-75.1575251368
Converted Parking Meter,2.0,39.9552939921,-75.1574807255
Converted Parking Meter,2.0,39.9559344454,-75.1573385727
Converted Parking Meter,2.0,39.9560955749,-75.157295251
Converted Parking Meter,2.0,39.9542200157,-75.1617562202
Converted Parking Meter,2.0,39.9541996412,-75.1615928205
Converted Parking Meter,2.0,39.9541818581,-75.1614386145
Staple or Inverted-U,2.0,39.9540820778,-75.1607144652
Converted Parking Meter,2.0,39.954054772,-75.1604553015
Staple or Inverted-U,2.0,39.953992772,-75.1598737551
Converted Parking Meter,2.0,39.9538898659,-75.1591172039
Converted Parking Meter,2.0,39.9539598275,-75.1595760874
Converted Parking Meter,2.0,39.9538732032,-75.1589071988
Converted Parking Meter,2.0,39.9538539432,-75.15879332
Staple or Inverted-U,16.0,39.9538147846,-75.1587483493
Staple or Inverted-U,8.0,39.95385274,-75.1590566674
Converted Parking Meter,2.0,39.9538251609,-75.1585744849
Converted Parking Meter,2.0,39.9537881132,-75.1583064021
Converted Parking Meter,2.0,39.9537161883,-75.157760861
Staple or Inverted-U,2.0,39.9536986798,-75.1576190378
Staple or Inverted-U,2.0,39.9536841127,-75.1575018828
Converted Parking Meter,2.0,39.9536717167,-75.1573753515
Converted Parking Meter,2.0,39.9535971964,-75.15682062
Converted Parking Meter,2.0,39.9535819279,-75.156672515
Converted Parking Meter,2.0,39.9534974587,-75.1559942585
Converted Parking Meter,0.0,39.9534856219,-75.1558924879
Staple or Inverted-U,2.0,39.953476656,-75.1558122913
Converted Parking Meter,2.0,39.953441774,-75.1555348361
Staple or Inverted-U,2.0,39.9534304968,-75.1554578257
Converted Parking Meter,2.0,39.9534216007,-75.1553807244
Staple or Inverted-U,2.0,39.9535395528,-75.156379857
Converted Parking Meter,2.0,39.9533878377,-75.1551527886
Staple or Inverted-U,2.0,39.9533494168,-75.1548243575
Converted Parking Meter,2.0,39.9532715916,-75.1542294867
Converted Parking Meter,2.0,39.9532511364,-75.1540629964
Converted Parking Meter,2.0,39.953193132,-75.1536067634
Staple or Inverted-U,0.0,39.9531541112,-75.1532520265
Staple or Inverted-U,6.0,39.9538663661,-75.1530172621
Staple or Inverted-U,8.0,39.9547643401,-75.1530882617
Converted Parking Meter,2.0,39.9550337744,-75.1530903539
Converted Parking Meter,2.0,39.9550481358,-75.1531982246
Converted Parking Meter,2.0,39.9551000468,-75.1535958471
Staple or Inverted-U,2.0,39.9551746537,-75.1541536824
Staple or Inverted-U,2.0,39.9551459316,-75.1539379403
Staple or Inverted-U,4.0,39.9552102368,-75.1546727403
Converted Parking Meter,2.0,39.9552900207,-75.1553542905
Converted Parking Meter,2.0,39.9553181092,-75.1555421789
Converted Parking Meter,2.0,39.9553413643,-75.1557271541
Converted Parking Meter,2.0,39.955407695,-75.1562357462
Staple or Inverted-U,2.0,39.9554312289,-75.1564331028
Converted Parking Meter,2.0,39.955488519,-75.1569637255
Converted Parking Meter,2.0,39.9555314522,-75.1572811542
Converted Parking Meter,2.0,39.9555089001,-75.1571271281
Converted Parking Meter,2.0,39.9556313204,-75.1581137317
Converted Parking Meter,2.0,39.9556636044,-75.1583820034
Converted Parking Meter,2.0,39.9556980601,-75.1586408999
Staple or Inverted-U,6.0,39.9532678219,-75.16218744
Staple or Inverted-U,2.0,39.9522111498,-75.1624785882
Staple or Inverted-U,2.0,39.9521965179,-75.1623583397
School Yard,14.0,39.9518409722,-75.1616036851
School Yard,8.0,39.958916186,-75.1732380592
Staple or Inverted-U,2.0,39.9591241875,-75.1751585305
Staple or Inverted-U,2.0,39.959156627,-75.1753341099
Staple or Inverted-U,2.0,39.9589175983,-75.1755947349
Staple or Inverted-U,2.0,39.9589751972,-75.176742073
Staple or Inverted-U,2.0,39.9580301635,-75.1772604189
Staple or Inverted-U,8.0,39.9579368483,-75.1772477201
Staple or Inverted-U,8.0,39.9581211059,-75.1776857686
Staple or Inverted-U,1.0,39.9576920653,-75.1747892242
Staple or Inverted-U,2.0,39.9575928444,-75.1740332039
Staple or Inverted-U,2.0,39.9569962435,-75.1743379357
Staple or Inverted-U,2.0,39.9574682643,-75.1742453453
Staple or Inverted-U,2.0,39.9572552028,-75.1743004135
Staple or Inverted-U,2.0,39.9575146426,-75.1742886625
Staple or Inverted-U,0.0,39.9574475803,-75.1743012728
Staple or Inverted-U,2.0,39.9573497369,-75.1743232796
Staple or Inverted-U,0.0,39.9568220616,-75.1744327395
Staple or Inverted-U,2.0,39.9569574311,-75.1744097963
Staple or Inverted-U,2.0,39.9561919966,-75.1746053178
Staple or Inverted-U,2.0,39.9561199481,-75.1730511321
Staple or Inverted-U,4.0,39.9563366199,-75.1726498687
Staple or Inverted-U,2.0,39.9560601383,-75.1727158374
Staple or Inverted-U,2.0,39.9556661316,-75.1728118687
Staple or Inverted-U,2.0,39.9555224566,-75.1719525765
Converted Parking Meter,2.0,39.9555756925,-75.1722786597
Staple or Inverted-U,6.0,39.9555487938,-75.1725485074
Staple or Inverted-U,0.0,39.9517636898,-75.1588668392
Staple or Inverted-U,2.0,39.9520230496,-75.1610624185
Staple or Inverted-U,2.0,39.9518355329,-75.1595145863
Staple or Inverted-U,2.0,39.9517825948,-75.1590705568
Staple or Inverted-U,2.0,39.9516306287,-75.157831135
Staple or Inverted-U,2.0,39.9515300597,-75.1569676573
Staple or Inverted-U,2.0,39.9514231796,-75.1560362774
Staple or Inverted-U,2.0,39.9513497727,-75.155531082
Converted Parking Meter,2.0,39.9508603837,-75.1537098401
Converted Parking Meter,2.0,39.9502908311,-75.1538245274
Converted Parking Meter,2.0,39.9497305206,-75.1545583543
Converted Parking Meter,2.0,39.9497520959,-75.1546690389
Converted Parking Meter,2.0,39.9497743722,-75.1548106723
Converted Parking Meter,2.0,39.9497879611,-75.1549898061
Converted Parking Meter,2.0,39.9498106561,-75.1551500085
Staple or Inverted-U,2.0,39.9498493232,-75.1553839403
Staple or Inverted-U,2.0,39.9498689344,-75.1556186
Converted Parking Meter,2.0,39.9499400969,-75.156235378
Converted Parking Meter,2.0,39.9498958326,-75.155753861
Converted Parking Meter,2.0,39.9499780621,-75.1564383633
Converted Parking Meter,2.0,39.9499950123,-75.1565554196
Converted Parking Meter,2.0,39.9500084577,-75.1567283654
Staple or Inverted-U,2.0,39.9500469816,-75.15695611
Staple or Inverted-U,2.0,39.9500701608,-75.1572432915
Staple or Inverted-U,2.0,39.9500868304,-75.1573479693
Converted Parking Meter,2.0,39.9501046191,-75.1575021649
Converted Parking Meter,2.0,39.9501399159,-75.1577981764
Staple or Inverted-U,2.0,39.9501584033,-75.1579833211
Converted Parking Meter,2.0,39.9501757715,-75.158118947
Staple or Inverted-U,2.0,39.9501872576,-75.1582052392
Converted Parking Meter,2.0,39.95020827,-75.158291168
Converted Parking Meter,2.0,39.9502151317,-75.1583838308
Staple or Inverted-U,2.0,39.9502260574,-75.1584453641
Staple or Inverted-U,2.0,39.9502665354,-75.1587597638
Converted Parking Meter,2.0,39.9502830638,-75.1588582534
Staple or Inverted-U,2.0,39.9502951077,-75.1589693037
Converted Parking Meter,2.0,39.9503722743,-75.1596416154
Staple or Inverted-U,2.0,39.950449437,-75.1603139287
Converted Parking Meter,2.0,39.9504899099,-75.1606283305
Staple or Inverted-U,2.0,39.9504712871,-75.1604369952
Converted Parking Meter,2.0,39.9505067162,-75.160739201
Staple or Inverted-U,2.0,39.950552929,-75.16109675
Converted Parking Meter,2.0,39.950569176,-75.1611828604
Converted Parking Meter,2.0,39.9505809391,-75.1612815326
Converted Parking Meter,2.0,39.9505977448,-75.1613924022
Staple or Inverted-U,2.0,39.9506150353,-75.1615775946
Staple or Inverted-U,2.0,39.9506210904,-75.1616346677
Staple or Inverted-U,2.0,39.9506281977,-75.1616855054
Converted Parking Meter,2.0,39.9501612399,-75.1580033466
Staple or Inverted-U,2.0,39.9506497242,-75.1618999623
Staple or Inverted-U,2.0,39.9506567915,-75.1620019101
Staple or Inverted-U,2.0,39.9506610628,-75.1620327232
Staple or Inverted-U,2.0,39.9506640733,-75.1620604854
Converted Parking Meter,2.0,39.9506702338,-75.1621222012
Converted Parking Meter,2.0,39.9506766726,-75.162196296
Staple or Inverted-U,2.0,39.950685983,-75.1622919641
Converted Parking Meter,2.0,39.9506909523,-75.1623537252
Converted Parking Meter,2.0,39.9507183969,-75.1625664083
Staple or Inverted-U,2.0,39.9507065301,-75.1624630932
Staple or Inverted-U,0.0,39.9507332729,-75.1626974858
Converted Parking Meter,2.0,39.9507631302,-75.1629642835
Staple or Inverted-U,2.0,39.9507790223,-75.1630875793
Staple or Inverted-U,2.0,39.9508054884,-75.1632569347
Converted Parking Meter,2.0,39.9508190736,-75.1633307577
Converted Parking Meter,2.0,39.9508303455,-75.1634077664
Staple or Inverted-U,2.0,39.9508360168,-75.1634478183
Staple or Inverted-U,2.0,39.9508682883,-75.1637160736
Staple or Inverted-U,2.0,39.9508771779,-75.1637931731
Staple or Inverted-U,2.0,39.9521959912,-75.1619123085
Staple or Inverted-U,2.0,39.9520801837,-75.1610060331
Staple or Inverted-U,2.0,39.952003584,-75.1603584625
Staple or Inverted-U,2.0,39.9519410943,-75.1597552704
Staple or Inverted-U,2.0,39.9519392743,-75.1597274612
Staple or Inverted-U,2.0,39.9519339511,-75.1597028844
Staple or Inverted-U,2.0,39.9519298548,-75.1596798086
Staple or Inverted-U,2.0,39.9518276133,-75.1589000233
Staple or Inverted-U,2.0,39.9518269841,-75.1588721687
Staple or Inverted-U,2.0,39.9518251998,-75.1588459082
Staple or Inverted-U,2.0,39.9517892389,-75.1585731451
Staple or Inverted-U,2.0,39.9517836383,-75.1584835286
Staple or Inverted-U,2.0,39.9517464156,-75.1582077174
Staple or Inverted-U,2.0,39.9516419635,-75.1572777892
Staple or Inverted-U,2.0,39.951641264,-75.1572468396
Staple or Inverted-U,2.0,39.9516334883,-75.1572192589
Staple or Inverted-U,2.0,39.9514833214,-75.156112969
Staple or Inverted-U,2.0,39.95140221,-75.1554779707
Staple or Inverted-U,2.0,39.9513337039,-75.1549787843
Staple or Inverted-U,2.0,39.951318924,-75.1548523499
Staple or Inverted-U,2.0,39.9511966848,-75.1538750988
Staple or Inverted-U,2.0,39.9496852289,-75.1546111921
Staple or Inverted-U,2.0,39.9497204633,-75.1549041064
Staple or Inverted-U,2.0,39.9497751004,-75.1553170806
Staple or Inverted-U,2.0,39.9498271441,-75.1557208627
Staple or Inverted-U,2.0,39.949830576,-75.1557671943
Staple or Inverted-U,2.0,39.9497555569,-75.155190831
Staple or Inverted-U,2.0,39.9499031402,-75.1563405547
Staple or Inverted-U,2.0,39.949911545,-75.1563959884
Staple or Inverted-U,2.0,39.9499549004,-75.1567319583
Staple or Inverted-U,2.0,39.9499582619,-75.156775195
Staple or Inverted-U,2.0,39.9505409511,-75.1615695748
Staple or Inverted-U,2.0,39.9505037018,-75.1612922182
Staple or Inverted-U,2.0,39.9505123146,-75.1613569381
Staple or Inverted-U,2.0,39.9504677844,-75.1609683494
Staple or Inverted-U,2.0,39.9504236738,-75.1605983313
Staple or Inverted-U,2.0,39.9504063085,-75.1604627031
Staple or Inverted-U,2.0,39.9502736812,-75.1594455854
Staple or Inverted-U,2.0,39.9500916779,-75.1579316596
Staple or Inverted-U,2.0,39.9500806121,-75.1578639376
Staple or Inverted-U,2.0,39.9506192977,-75.1621891892
Staple or Inverted-U,2.0,39.9506472363,-75.1623708774
Staple or Inverted-U,2.0,39.9507021867,-75.1629046534
Staple or Inverted-U,2.0,39.9507155618,-75.1629691923
Staple or Inverted-U,2.0,39.9507838238,-75.1634590971
Staple or Inverted-U,2.0,39.9508031489,-75.163576067
Staple or Inverted-U,2.0,39.950820371,-75.1637055067
Converted Parking Meter,1.0,39.9529881314,-75.1523127311
Converted Parking Meter,1.0,39.9531487701,-75.1525539631
Staple or Inverted-U,2.0,39.9530800802,-75.1523156654
Converted Parking Meter,1.0,39.9530678848,-75.1521111467
Staple or Inverted-U,2.0,39.9530004105,-75.1519019338
Staple or Inverted-U,2.0,39.9527207067,-75.1494037922
Staple or Inverted-U,2.0,39.9526609047,-75.1494741671
Staple or Inverted-U,2.0,39.9526625751,-75.1486593772
Staple or Inverted-U,2.0,39.9526634581,-75.1487026459
Converted Parking Meter,1.0,39.952377467,-75.1463037452
Converted Parking Meter,1.0,39.9523445261,-75.1461595484
Converted Parking Meter,1.0,39.9522672033,-75.1455885234
Staple or Inverted-U,2.0,39.952246472,-75.1454870209
Converted Parking Meter,1.0,39.952092311,-75.1440631721
Staple or Inverted-U,2.0,39.9520594714,-75.1440137925
Staple or Inverted-U,2.0,39.9520570277,-75.1437938679
Converted Parking Meter,1.0,39.9520461305,-75.1437678002
Staple or Inverted-U,2.0,39.9518833287,-75.1424791499
Staple or Inverted-U,2.0,39.9518341946,-75.1428698851
Converted Parking Meter,1.0,39.9519983539,-75.1435900204
Converted Parking Meter,1.0,39.9519852365,-75.1438983904
Staple or Inverted-U,2.0,39.9520807059,-75.1445731338
Converted Parking Meter,1.0,39.9522101234,-75.145803743
Staple or Inverted-U,2.0,39.952323907,-75.1459892555
Converted Parking Meter,1.0,39.9523307806,-75.1460047631
Converted Parking Meter,1.0,39.9522581221,-75.1461259016
Staple or Inverted-U,2.0,39.9524473305,-75.1471721939
Converted Parking Meter,1.0,39.9525583069,-75.147897983
Converted Parking Meter,1.0,39.9525561278,-75.1480301653
Staple or Inverted-U,2.0,39.9525464885,-75.1491904725
Staple or Inverted-U,2.0,39.9526243568,-75.1494275126
Converted Parking Meter,1.0,39.9529574325,-75.1525477285
Converted Parking Meter,1.0,39.9530708486,-75.1526382683
Converted Parking Meter,1.0,39.953076627,-75.152789502
Converted Parking Meter,1.0,39.9530917473,-75.1528853052
Staple or Inverted-U,2.0,39.9517266281,-75.1534027485
Staple or Inverted-U,2.0,39.9515180959,-75.1534501875
Staple or Inverted-U,2.0,39.9511498189,-75.1532381233
Staple or Inverted-U,2.0,39.9510482045,-75.1524062176
Staple or Inverted-U,2.0,39.9506962429,-75.149808462
Staple or Inverted-U,2.0,39.9506828784,-75.1497082709
Staple or Inverted-U,2.0,39.9507171837,-75.1497528595
Staple or Inverted-U,2.0,39.9507291308,-75.1498329381
Staple or Inverted-U,2.0,39.9507118389,-75.1496485227
Converted Parking Meter,1.0,39.9505554915,-75.1484978299
Converted Parking Meter,1.0,39.9505287731,-75.1483404076
Converted Parking Meter,1.0,39.9505080517,-75.148200821
Converted Parking Meter,1.0,39.950494217,-75.1479900315
Converted Parking Meter,1.0,39.9504517126,-75.1477229272
Converted Parking Meter,1.0,39.9504481124,-75.1476041057
Staple or Inverted-U,2.0,39.9502828271,-75.1460880649
Staple or Inverted-U,2.0,39.9501295479,-75.1447264361
Converted Parking Meter,1.0,39.9499992524,-75.1424178529
Converted Parking Meter,1.0,39.9497014612,-75.1426845227
Converted Parking Meter,1.0,39.9497623582,-75.1431291126
Converted Parking Meter,1.0,39.9497685174,-75.1431913941
Staple or Inverted-U,2.0,39.9537295673,-75.1655380305
Staple or Inverted-U,0.0,39.9541950203,-75.1664635654
Staple or Inverted-U,2.0,39.9538828279,-75.1666798806
Staple or Inverted-U,4.0,39.9539680186,-75.16665186
Staple or Inverted-U,2.0,39.9540959441,-75.16661602
Staple or Inverted-U,2.0,39.9542049544,-75.1665870935
Staple or Inverted-U,2.0,39.9537589648,-75.1657847248
Staple or Inverted-U,2.0,39.9537882224,-75.166025229
Staple or Inverted-U,2.0,39.9541141754,-75.166472834
Staple or Inverted-U,2.0,39.9544233923,-75.1665478117
Staple or Inverted-U,0.0,39.9546083439,-75.1665036072
Staple or Inverted-U,2.0,39.9540108536,-75.1679279181
School Yard,39.0,39.9543979621,-75.1691336894
School Yard,29.0,39.9544832927,-75.1691118622
Converted Parking Meter,2.0,39.9542911488,-75.170214185
Converted Parking Meter,2.0,39.9543058073,-75.1703359854
Staple or Inverted-U,2.0,39.9543150414,-75.1704285646
Staple or Inverted-U,2.0,39.9543387587,-75.1706352086
Staple or Inverted-U,4.0,39.9557427174,-75.1741067699
Staple or Inverted-U,4.0,39.9557161774,-75.1731508346
Staple or Inverted-U,2.0,39.9558873553,-75.1746790192
Staple or Inverted-U,4.0,39.9558289325,-75.1748115429
Staple or Inverted-U,2.0,39.9559482238,-75.1752936904
Staple or Inverted-U,2.0,39.9559790411,-75.1754813391
Staple or Inverted-U,4.0,39.956060193,-75.175996846
Staple or Inverted-U,2.0,39.9559643477,-75.1760999712
Staple or Inverted-U,4.0,39.9572174911,-75.1771803149
Staple or Inverted-U,4.0,39.9562856141,-75.1772173777
Staple or Inverted-U,4.0,39.9562484206,-75.1767628336
Staple or Inverted-U,2.0,39.9560761958,-75.176803491
Staple or Inverted-U,2.0,39.9561701268,-75.176754345
Staple or Inverted-U,2.0,39.9561201742,-75.1767143153
Staple or Inverted-U,4.0,39.9560421625,-75.1763804039
Staple or Inverted-U,8.0,39.9559579367,-75.1762124441
Staple or Inverted-U,4.0,39.955972096,-75.1762591481
Converted Parking Meter,6.0,39.9557037962,-75.1763074699
Converted Parking Meter,2.0,39.9546983991,-75.1764112366
Converted Parking Meter,0.0,39.9543750557,-75.1765366399
Converted Parking Meter,2.0,39.9543606494,-75.1766447661
Converted Parking Meter,2.0,39.9542019403,-75.1765356266
Converted Parking Meter,2.0,39.9542180772,-75.1766658343
Converted Parking Meter,4.0,39.954193015,-75.1772996386
Converted Parking Meter,2.0,39.9541672188,-75.1774907965
Converted Parking Meter,2.0,39.9540517082,-75.1771902335
Staple or Inverted-U,2.0,39.9542670601,-75.1781681192
Staple or Inverted-U,8.0,39.9541385386,-75.1779805469
Converted Parking Meter,8.0,39.9542870312,-75.1784004379
Converted Parking Meter,2.0,39.9542124255,-75.1786851007
Converted Parking Meter,2.0,39.9542780995,-75.1790889701
Converted Parking Meter,2.0,39.9543756808,-75.1791735992
Staple or Inverted-U,2.0,39.9543995374,-75.1794176056
Staple or Inverted-U,2.0,39.9543569456,-75.1707461299
Staple or Inverted-U,2.0,39.954394885,-75.1709491353
Converted Parking Meter,2.0,39.9543969715,-75.171041986
Converted Parking Meter,2.0,39.9544084479,-75.1711282845
Staple or Inverted-U,2.0,39.9544244091,-75.1712020226
Staple or Inverted-U,2.0,39.9544309821,-75.1712823127
Converted Parking Meter,2.0,39.9542262662,-75.170447519
Converted Parking Meter,2.0,39.9543110518,-75.1712496926
Staple or Inverted-U,2.0,39.9543081297,-75.1711197019
Converted Parking Meter,2.0,39.9542787437,-75.1708730044
Staple or Inverted-U,2.0,39.9542609731,-75.1707187958
Staple or Inverted-U,2.0,39.9542248743,-75.1703856184
Converted Parking Meter,2.0,39.9542129807,-75.1702807502
Staple or Inverted-U,2.0,39.9542020605,-75.1702192113
Converted Parking Meter,2.0,39.9542009469,-75.1701696916
Staple or Inverted-U,2.0,39.9541946524,-75.1701017814
Staple or Inverted-U,2.0,39.9541838713,-75.170046433
Staple or Inverted-U,2.0,39.9541710725,-75.1699013296
Staple or Inverted-U,4.0,39.9541276718,-75.1696675555
Converted Parking Meter,2.0,39.9539920618,-75.1685141838
Staple or Inverted-U,2.0,39.9539299089,-75.1680828749
Converted Parking Meter,2.0,39.9538925485,-75.1676939906
Converted Parking Meter,2.0,39.9538707062,-75.1675709155
Converted Parking Meter,2.0,39.9538731014,-75.1674655039
Staple or Inverted-U,2.0,39.9538575559,-75.1674103373
Staple or Inverted-U,2.0,39.9537366085,-75.1664856416
Staple or Inverted-U,2.0,39.9537248508,-75.1663869651
Staple or Inverted-U,4.0,39.9548633014,-75.1671862471
Staple or Inverted-U,2.0,39.9533276075,-75.1515082164
Staple or Inverted-U,2.0,39.9531880653,-75.1515407005
Staple or Inverted-U,2.0,39.9583281609,-75.171504586
Staple or Inverted-U,2.0,39.9581991199,-75.1714908964
Staple or Inverted-U,2.0,39.9581081909,-75.1714757604
Converted Parking Meter,2.0,39.9578434022,-75.1722107002
Staple or Inverted-U,2.0,39.9566627101,-75.1688272588
Staple or Inverted-U,2.0,39.9567655641,-75.1687366129
Converted Parking Meter,1.0,39.9503665432,-75.1505533988
Staple or Inverted-U,2.0,39.9553749745,-75.1675379675
Converted Parking Meter,2.0,39.9555824656,-75.1676477935
Staple or Inverted-U,2.0,39.9493185083,-75.1509516999
Staple or Inverted-U,2.0,39.9551825671,-75.1697747917
Converted Parking Meter,2.0,39.9552108409,-75.1699719716
Converted Parking Meter,2.0,39.9552703112,-75.1704963229
Converted Parking Meter,2.0,39.9552940989,-75.170706064
Converted Parking Meter,2.0,39.9553124263,-75.1708850358
Staple or Inverted-U,2.0,39.9554404922,-75.1708553924
Converted Parking Meter,2.0,39.9551311169,-75.1679119283
Converted Parking Meter,2.0,39.955245031,-75.167889013
Staple or Inverted-U,2.0,39.9563347719,-75.1692787629
Wave,29.0,39.9560176112,-75.1699103575
Staple or Inverted-U,2.0,39.9525772225,-75.1656579122
Staple or Inverted-U,2.0,39.9501675107,-75.1727233729
Staple or Inverted-U,2.0,39.9498687807,-75.1727966519
Staple or Inverted-U,2.0,39.9493472645,-75.1729279407
Staple or Inverted-U,2.0,39.9456737634,-75.1652001846
Staple or Inverted-U,2.0,39.9470294512,-75.1654831288
School Yard,6.0,39.9473894209,-75.1677057253
Staple or Inverted-U,2.0,39.9472936733,-75.1681120189
Staple or Inverted-U,2.0,39.9437687669,-75.1656133365
Staple or Inverted-U,2.0,39.9441385309,-75.1655187464
Staple or Inverted-U,2.0,39.9443434412,-75.1713925575
Converted Parking Meter,2.0,39.9444290505,-75.1713831153
Staple or Inverted-U,2.0,39.951125679,-75.1657749135
Staple or Inverted-U,2.0,39.951144717,-75.1659321622
Staple or Inverted-U,2.0,39.9507867816,-75.1640655879
Staple or Inverted-U,2.0,39.950671748,-75.1640916473
Staple or Inverted-U,2.0,39.950363252,-75.1641544971
Staple or Inverted-U,6.0,39.9514875836,-75.1684198751
Converted Parking Meter,2.0,39.9514992004,-75.1685123609
Converted Parking Meter,2.0,39.9515052878,-75.1685709829
Staple or Inverted-U,2.0,39.9515166258,-75.1686510872
Staple or Inverted-U,2.0,39.9516269599,-75.1686809694
Staple or Inverted-U,6.0,39.9514175752,-75.1685929004
Street Corral,12.0,39.9529962975,-75.1592932576
Staple or Inverted-U,2.0,39.9527917378,-75.1576779118
Converted Parking Meter,2.0,39.9525412059,-75.1557173987
School Yard,10.0,39.9524729894,-75.1545986732
Converted Parking Meter,2.0,39.9524291324,-75.1547676194
Converted Parking Meter,2.0,39.9523746322,-75.1544661372
Staple or Inverted-U,2.0,39.9553546544,-75.1548912993
Staple or Inverted-U,2.0,39.9555540048,-75.1563272302
Staple or Inverted-U,2.0,39.9556772789,-75.1571403272
Staple or Inverted-U,2.0,39.9559272833,-75.1593425802
Wave,6.0,39.9560876395,-75.1625395439
School Yard,10.0,39.9490770962,-75.1642065387
School Yard,10.0,39.9485010836,-75.1643523552
Staple or Inverted-U,2.0,39.9483634223,-75.1643792754
Staple or Inverted-U,2.0,39.9436166376,-75.1653155974
Staple or Inverted-U,2.0,39.9436081665,-75.1652570742
Converted Parking Meter,2.0,39.9435553195,-75.1648161876
Converted Parking Meter,2.0,39.9435355771,-75.1646806627
Converted Parking Meter,2.0,39.943247433,-75.1623687498
Staple or Inverted-U,2.0,39.9432242584,-75.1621868988
Converted Parking Meter,2.0,39.9432034656,-75.1620049583
Converted Parking Meter,2.0,39.9429136602,-75.1596218951
Converted Parking Meter,2.0,39.9428140975,-75.1584859381
Converted Parking Meter,2.0,39.9427995313,-75.1583688016
Staple or Inverted-U,2.0,39.9427552025,-75.157989543
Staple or Inverted-U,2.0,39.942746378,-75.1579155481
Converted Parking Meter,2.0,39.9427432267,-75.1578815999
Staple or Inverted-U,2.0,39.942732021,-75.1578076948
Street Corral,12.0,39.9426832022,-75.1575462998
Converted Parking Meter,0.0,39.9426094547,-75.1569203932
Converted Parking Meter,2.0,39.9425523743,-75.1563991539
Staple or Inverted-U,2.0,39.9417350754,-75.1573656718
Staple or Inverted-U,2.0,39.9417485235,-75.1574332957
Staple or Inverted-U,2.0,39.9418948909,-75.1586355849
Street Corral,10.0,39.9499042102,-75.1634084391
Converted Parking Meter,2.0,39.9526710218,-75.1579272277
Converted Parking Meter,2.0,39.952657718,-75.157760465
Converted Parking Meter,2.0,39.9526443208,-75.1575895757
Converted Parking Meter,2.0,39.9526261126,-75.1574168047
Converted Parking Meter,2.0,39.9526192501,-75.1573241387
Converted Parking Meter,2.0,39.9526014612,-75.1571699375
Converted Parking Meter,2.0,39.9525738651,-75.1570037206
Converted Parking Meter,2.0,39.9492855852,-75.1569941077
Converted Parking Meter,2.0,39.949597371,-75.1593982296
Converted Parking Meter,0.0,39.9501066397,-75.1637958217
Converted Parking Meter,2.0,39.9501139156,-75.1639070538
Staple or Inverted-U,0.0,39.9504752672,-75.1638623264
Converted Parking Meter,2.0,39.9499779354,-75.1695928302
Converted Parking Meter,2.0,39.9499966215,-75.169787623
Staple or Inverted-U,2.0,39.9500102712,-75.1698645414
Staple or Inverted-U,2.0,39.9500084604,-75.1707380956
Staple or Inverted-U,2.0,39.9499323785,-75.1707471789
Staple or Inverted-U,2.0,39.9496525661,-75.1708135542
Staple or Inverted-U,2.0,39.9495433468,-75.1708331869
Staple or Inverted-U,2.0,39.9475389892,-75.1712811278
Converted Parking Meter,2.0,39.9488122951,-75.1695975513
Converted Parking Meter,2.0,39.9488704447,-75.1700630534
Converted Parking Meter,0.0,39.948976177,-75.1704183394
Staple or Inverted-U,2.0,39.9484373221,-75.1677657426
Wave,6.0,39.9482495723,-75.168321115
Staple or Inverted-U,2.0,39.949405243,-75.1650155976
Converted Parking Meter,2.0,39.9495263523,-75.1658411074
Staple or Inverted-U,2.0,39.9494473202,-75.165930841
Converted Parking Meter,2.0,39.9503001675,-75.172155322
Staple or Inverted-U,2.0,39.9502614823,-75.1718129697
Staple or Inverted-U,2.0,39.9441097627,-75.1694292325
Staple or Inverted-U,2.0,39.9441786297,-75.1694173251
Converted Parking Meter,0.0,39.9489948528,-75.1706127682
Converted Parking Meter,2.0,39.9440604975,-75.169040856
Staple or Inverted-U,2.0,39.9440515418,-75.1689606688
Staple or Inverted-U,2.0,39.9438139419,-75.1670897002
Staple or Inverted-U,2.0,39.9437817479,-75.1668245659
Converted Parking Meter,2.0,39.9437700592,-75.1667289974
Staple or Inverted-U,2.0,39.9437387017,-75.1658660744
Staple or Inverted-U,2.0,39.9437606735,-75.1661006255
Staple or Inverted-U,2.0,39.9437998062,-75.1663562035
Staple or Inverted-U,2.0,39.9439501158,-75.1672084127
Staple or Inverted-U,2.0,39.9452179701,-75.1699446529
Staple or Inverted-U,2.0,39.9520050743,-75.1718545022
Staple or Inverted-U,4.0,39.9519339302,-75.1718711404
Converted Parking Meter,2.0,39.9518387741,-75.1715618992
Staple or Inverted-U,2.0,39.951775666,-75.1710346127
Staple or Inverted-U,2.0,39.9515098431,-75.1693379596
Staple or Inverted-U,6.0,39.9514702306,-75.1690606865
Converted Parking Meter,2.0,39.9504523355,-75.168956865
Staple or Inverted-U,2.0,39.9502471194,-75.1705908366
Staple or Inverted-U,2.0,39.9516486541,-75.1705809974
Staple or Inverted-U,2.0,39.9516814122,-75.1707656072
Staple or Inverted-U,2.0,39.9517113542,-75.1710370537
Staple or Inverted-U,2.0,39.9517533282,-75.1714195563
Staple or Inverted-U,2.0,39.9462743533,-75.1698518887
Staple or Inverted-U,2.0,39.9476790805,-75.169560054
Staple or Inverted-U,2.0,39.9475781948,-75.1680430817
Converted Parking Meter,2.0,39.9479173434,-75.1679651496
Staple or Inverted-U,2.0,39.9475928472,-75.1679527019
Staple or Inverted-U,0.0,39.9477648828,-75.1663819929
Staple or Inverted-U,2.0,39.9485187255,-75.1666166091
Staple or Inverted-U,2.0,39.9484641387,-75.1667332883
School Yard,18.0,39.9477041092,-75.1647426993
Staple or Inverted-U,2.0,39.9482971921,-75.1648254455
Staple or Inverted-U,2.0,39.9483069179,-75.1649396791
Staple or Inverted-U,2.0,39.9483218968,-75.1650753949
Staple or Inverted-U,2.0,39.9483590681,-75.1653496496
Staple or Inverted-U,2.0,39.9493404133,-75.1659472971
Street Corral,14.0,39.9494709079,-75.1667664357
Converted Parking Meter,2.0,39.9495978823,-75.166476643
Converted Parking Meter,2.0,39.9495560899,-75.1662087537
Staple or Inverted-U,2.0,39.9491984203,-75.167687441
Converted Parking Meter,2.0,39.9493383957,-75.1676573416
Staple or Inverted-U,12.0,39.9517769034,-75.17942736
Staple or Inverted-U,2.0,39.9521377307,-75.1782954911
Converted Parking Meter,2.0,39.9526969026,-75.1783548643
Converted Parking Meter,2.0,39.9529478672,-75.1804052651
Staple or Inverted-U,2.0,39.95404032,-75.1765901591
Converted Parking Meter,2.0,39.954038376,-75.1765034992
Converted Parking Meter,2.0,39.9540221404,-75.1764173795
Staple or Inverted-U,2.0,39.9540148767,-75.1763061397
Converted Parking Meter,2.0,39.9540029885,-75.1762012707
Converted Parking Meter,2.0,39.9538834809,-75.1754437778
Converted Parking Meter,2.0,39.9538718003,-75.1753481936
Converted Parking Meter,2.0,39.9538681679,-75.1752925738
Staple or Inverted-U,2.0,39.9539393204,-75.176452812
Converted Parking Meter,2.0,39.9538616967,-75.1757556866
Converted Parking Meter,2.0,39.9526422829,-75.1779330219
Converted Parking Meter,2.0,39.9526444091,-75.1778152332
Converted Parking Meter,2.0,39.95263687,-75.1776916148
Staple or Inverted-U,2.0,39.9525525084,-75.1777567604
Staple or Inverted-U,2.0,39.9525334977,-75.177546845
Staple or Inverted-U,2.0,39.9528219579,-75.1770155287
Staple or Inverted-U,2.0,39.9527028623,-75.1770200386
Converted Parking Meter,2.0,39.9531822039,-75.1769213489
Converted Parking Meter,2.0,39.9530685657,-75.176956629
Staple or Inverted-U,2.0,39.9533359385,-75.1767606462
Converted Parking Meter,2.0,39.9511895031,-75.1784216663
Converted Parking Meter,2.0,39.9514593228,-75.1772715656
Converted Parking Meter,2.0,39.951646614,-75.1760621716
Staple or Inverted-U,2.0,39.9523511529,-75.176119116
Staple or Inverted-U,2.0,39.9523016523,-75.1756129908
Converted Parking Meter,2.0,39.9517053626,-75.1754930957
Converted Parking Meter,2.0,39.9524125273,-75.1760920113
Staple or Inverted-U,2.0,39.9531998322,-75.1752691987
Converted Parking Meter,2.0,39.9517978396,-75.1754710065
Converted Parking Meter,2.0,39.9525665222,-75.1753055871
Staple or Inverted-U,2.0,39.952884464,-75.1732212482
Staple or Inverted-U,2.0,39.9527204,-75.1739832821
Converted Parking Meter,2.0,39.9524041162,-75.1734872706
Staple or Inverted-U,2.0,39.9522715635,-75.1735294677
Staple or Inverted-U,2.0,39.9521421386,-75.1737109366
Converted Parking Meter,2.0,39.9521590712,-75.1738280021
Converted Parking Meter,2.0,39.9522070509,-75.174266037
Converted Parking Meter,2.0,39.9522189409,-75.1743709041
Staple or Inverted-U,2.0,39.9522170953,-75.1745010715
Staple or Inverted-U,2.0,39.9522839881,-75.1749321948
Converted Parking Meter,2.0,39.9523063783,-75.1750800304
Staple or Inverted-U,2.0,39.9523193798,-75.175234415
Staple or Inverted-U,2.0,39.9522381166,-75.1752251046
School Yard,15.0,39.9521426022,-75.1750057001
Converted Parking Meter,2.0,39.9521873426,-75.1747685895
Staple or Inverted-U,2.0,39.9521698551,-75.1746267639
Staple or Inverted-U,2.0,39.9521182254,-75.1742384291
Staple or Inverted-U,2.0,39.9520692355,-75.1739677009
Staple or Inverted-U,0.0,39.952054008,-75.1737142782
Staple or Inverted-U,2.0,39.9520841253,-75.1733569175
Converted Parking Meter,2.0,39.9520615939,-75.1732028939
Converted Parking Meter,2.0,39.9520495638,-75.1730918383
Converted Parking Meter,2.0,39.9520380889,-75.1730055412
Converted Parking Meter,2.0,39.9519745621,-75.172512342
Converted Parking Meter,2.0,39.9519577673,-75.1724014674
Converted Parking Meter,2.0,39.9519506387,-75.1722964204
Staple or Inverted-U,2.0,39.9519388859,-75.1721977443
Converted Parking Meter,2.0,39.9519264366,-75.1720681196
Street Corral,12.0,39.9518963237,-75.1720011165
School Yard,10.0,39.9519324149,-75.1731830121
Staple or Inverted-U,2.0,39.951889509,-75.1725465435
Staple or Inverted-U,2.0,39.9518676719,-75.1724234704
Converted Parking Meter,2.0,39.9512950173,-75.175566704
Converted Parking Meter,2.0,39.9509726048,-75.1756470654
Converted Parking Meter,2.0,39.9515197169,-75.1752252065
Converted Parking Meter,2.0,39.9514807181,-75.1749215765
Converted Parking Meter,2.0,39.9514307063,-75.1744991116
Converted Parking Meter,2.0,39.951482878,-75.1736375682
Staple or Inverted-U,2.0,39.9519882785,-75.1735316738
Converted Parking Meter,2.0,39.9518850825,-75.1735541721
Converted Parking Meter,2.0,39.9511847064,-75.1725683254
Converted Parking Meter,2.0,39.9538558836,-75.1673360575
Converted Parking Meter,2.0,39.9538495865,-75.167268148
Staple or Inverted-U,2.0,39.9538334835,-75.1671882222
Converted Parking Meter,4.0,39.9538218648,-75.1670957347
Staple or Inverted-U,2.0,39.953815011,-75.167003065
Staple or Inverted-U,2.0,39.9537947011,-75.1669480796
Staple or Inverted-U,2.0,39.9537928891,-75.1668676095
Staple or Inverted-U,2.0,39.9537234567,-75.1663250651
Staple or Inverted-U,4.0,39.9537123958,-75.1662573369
Staple or Inverted-U,4.0,39.9546300334,-75.1644505672
Staple or Inverted-U,16.0,39.9544208445,-75.1644771137
Converted Parking Meter,2.0,39.9544571812,-75.1639739071
Staple or Inverted-U,4.0,39.9547467899,-75.1654002121
Staple or Inverted-U,40.0,39.9548361189,-75.1659791807
Staple or Inverted-U,2.0,39.9547884094,-75.1666129238
Staple or Inverted-U,8.0,39.9549250019,-75.1667502235
Staple or Inverted-U,4.0,39.9548145839,-75.1679873025
Converted Parking Meter,2.0,39.9547103373,-75.1680160459
Converted Parking Meter,2.0,39.9546011873,-75.1680387798
Staple or Inverted-U,2.0,39.9556566981,-75.165154953
Converted Parking Meter,2.0,39.9560868851,-75.1660493257
Staple or Inverted-U,4.0,39.956577228,-75.1651694954
Staple or Inverted-U,4.0,39.9566102737,-75.1653664962
Staple or Inverted-U,2.0,39.9566504539,-75.1656685494
Staple or Inverted-U,2.0,39.9510181614,-75.1530186381
Staple or Inverted-U,2.0,39.9508982444,-75.1525055071
Staple or Inverted-U,2.0,39.9508543046,-75.1523189838
Staple or Inverted-U,2.0,39.9508609452,-75.1522462123
Staple or Inverted-U,2.0,39.9508573741,-75.1521987721
Staple or Inverted-U,2.0,39.9508562242,-75.1521479952
Staple or Inverted-U,2.0,39.9508492786,-75.1520985206
Staple or Inverted-U,2.0,39.9508553898,-75.151853914
Staple or Inverted-U,2.0,39.9507681479,-75.1512722696
Staple or Inverted-U,2.0,39.9505759564,-75.149912956
Staple or Inverted-U,2.0,39.9505562937,-75.1498127989
Staple or Inverted-U,2.0,39.9505562501,-75.1496571252
Staple or Inverted-U,2.0,39.9505078801,-75.1493206221
Staple or Inverted-U,2.0,39.9504885504,-75.1492554006
Staple or Inverted-U,2.0,39.9504742258,-75.1491978887
Converted Parking Meter,2.0,39.9505188325,-75.1481158149
Converted Parking Meter,1.0,39.9504845616,-75.1479089151
Converted Parking Meter,2.0,39.9503728975,-75.1480375499
Converted Parking Meter,2.0,39.9503501026,-75.1478445873
Staple or Inverted-U,2.0,39.9501985619,-75.1463175461
Staple or Inverted-U,2.0,39.9501682478,-75.1460846144
Converted Parking Meter,2.0,39.9501010112,-75.1454764095
Converted Parking Meter,2.0,39.950031855,-75.1449713645
Converted Parking Meter,2.0,39.9500161141,-75.1448654702
Converted Parking Meter,2.0,39.9500231893,-75.1447644785
Converted Parking Meter,2.0,39.9499936947,-75.1446349647
Converted Parking Meter,2.0,39.9494618002,-75.1422504655
Staple or Inverted-U,2.0,39.9483392848,-75.1425635788
Staple or Inverted-U,0.0,39.9483842256,-75.142339099
Staple or Inverted-U,2.0,39.948343188,-75.1423683674
Staple or Inverted-U,2.0,39.948287602,-75.1427758855
Converted Parking Meter,2.0,39.9482947255,-75.1430695653
Converted Parking Meter,2.0,39.9481793672,-75.1429288896
Converted Parking Meter,2.0,39.948343655,-75.1434027871
Converted Parking Meter,2.0,39.9482023398,-75.1432058219
Converted Parking Meter,2.0,39.9482282603,-75.1433649652
Converted Parking Meter,2.0,39.9484228342,-75.1436374522
Converted Parking Meter,2.0,39.948434822,-75.1437122682
Converted Parking Meter,2.0,39.9482881465,-75.1436040178
Converted Parking Meter,2.0,39.9483014125,-75.1437669305
Staple or Inverted-U,2.0,39.9484263255,-75.1438086013
Converted Parking Meter,2.0,39.9484035458,-75.1438814892
Staple or Inverted-U,2.0,39.9483155849,-75.143845781
Staple or Inverted-U,2.0,39.9484236372,-75.143958564
Staple or Inverted-U,2.0,39.948429106,-75.1440156565
Staple or Inverted-U,2.0,39.9484465496,-75.1442993533
Converted Parking Meter,2.0,39.9484758433,-75.1444345168
Converted Parking Meter,2.0,39.9484774274,-75.1445304762
Staple or Inverted-U,2.0,39.9485018473,-75.1446085243
Staple or Inverted-U,2.0,39.9485521347,-75.1448475629
Converted Parking Meter,2.0,39.9485866181,-75.1449884995
Converted Parking Meter,2.0,39.948581521,-75.1450903087
Converted Parking Meter,2.0,39.9486455603,-75.1454814727
Converted Parking Meter,2.0,39.9486443324,-75.1455724372
Converted Parking Meter,2.0,39.9486721188,-75.1457810165
Converted Parking Meter,2.0,39.9487269861,-75.146233988
Converted Parking Meter,2.0,39.9487676642,-75.1464303085
Converted Parking Meter,2.0,39.9488047353,-75.1465764948
School Yard,18.0,39.9559012118,-75.1662732281
Staple or Inverted-U,4.0,39.9552177339,-75.1664107364
School Yard,8.0,39.956208455,-75.1676369477
School Yard,36.0,39.9572787256,-75.1690088651
Staple or Inverted-U,2.0,39.9579622076,-75.1688713787
Converted Parking Meter,2.0,39.9572004415,-75.1676488079
Converted Parking Meter,2.0,39.9570583627,-75.1676913816
Converted Parking Meter,2.0,39.9568044617,-75.1678497249
Converted Parking Meter,2.0,39.9568184474,-75.1680474517
Staple or Inverted-U,2.0,39.9569877149,-75.1679418897
Converted Parking Meter,2.0,39.9568234626,-75.1682703009
Staple or Inverted-U,4.0,39.9584011987,-75.1676155592
Staple or Inverted-U,4.0,39.9584826608,-75.1682692087
Staple or Inverted-U,2.0,39.959197882,-75.1706026204
Converted Parking Meter,2.0,39.9592205561,-75.1707628501
Staple or Inverted-U,2.0,39.9592384658,-75.1709232597
Staple or Inverted-U,2.0,39.9592653461,-75.1710585465
Converted Parking Meter,2.0,39.9592815856,-75.1711446716
Staple or Inverted-U,2.0,39.9592881587,-75.1712249675
Staple or Inverted-U,6.0,39.9593022107,-75.1713018814
Staple or Inverted-U,6.0,39.9593280311,-75.1714960675
Staple or Inverted-U,2.0,39.9593365676,-75.1715577017
Staple or Inverted-U,2.0,39.9593377502,-75.1716103206
Converted Parking Meter,2.0,39.9593464963,-75.1716812411
Converted Parking Meter,2.0,39.9592349645,-75.171704061
Converted Parking Meter,2.0,39.9591138697,-75.1708242111
Converted Parking Meter,2.0,39.9590230036,-75.170387762
Converted Parking Meter,2.0,39.9588953553,-75.1704359781
Converted Parking Meter,2.0,39.9590223389,-75.170146152
Converted Parking Meter,2.0,39.9589982718,-75.1699240192
Converted Parking Meter,2.0,39.9588081668,-75.1697391695
Converted Parking Meter,2.0,39.9589631454,-75.1696341525
Converted Parking Meter,2.0,39.9589233935,-75.169350658
Converted Parking Meter,2.0,39.958893726,-75.1690915628
Staple or Inverted-U,6.0,39.9579161704,-75.169085329
Staple or Inverted-U,6.0,39.9575695259,-75.1691480617
Converted Parking Meter,2.0,39.9574565587,-75.1721820092
Converted Parking Meter,2.0,39.957430688,-75.171879405
Converted Parking Meter,2.0,39.9574235928,-75.1715636988
Converted Parking Meter,2.0,39.9575242228,-75.1713740104
Staple or Inverted-U,2.0,39.9574599276,-75.1712711258
Staple or Inverted-U,4.0,39.9576665803,-75.1713438257
Staple or Inverted-U,2.0,39.9530282798,-75.1497970108
Staple or Inverted-U,2.0,39.9529103475,-75.1498079221
Staple or Inverted-U,2.0,39.9563972472,-75.1684718081
Staple or Inverted-U,2.0,39.9564958939,-75.1684061043
Staple or Inverted-U,2.0,39.9561721486,-75.1680033074
Staple or Inverted-U,2.0,39.9492918091,-75.150859951
Staple or Inverted-U,2.0,39.948970711,-75.1508722134
Converted Parking Meter,1.0,39.9479263628,-75.1509697322
Converted Parking Meter,1.0,39.9478249963,-75.151004728
Staple or Inverted-U,2.0,39.9497467662,-75.149055003
Staple or Inverted-U,2.0,39.9499869508,-75.1489419258
Staple or Inverted-U,2.0,39.9499916792,-75.1489805453
Staple or Inverted-U,2.0,39.95121513,-75.1487191005
Converted Parking Meter,1.0,39.952237598,-75.1484366525
Converted Parking Meter,1.0,39.9520459431,-75.148456733
Staple or Inverted-U,2.0,39.95290498,-75.148459429
Staple or Inverted-U,2.0,39.9528555022,-75.1484751219
Converted Parking Meter,1.0,39.9514392357,-75.1470530902
Staple or Inverted-U,2.0,39.950442654,-75.1455455178
Staple or Inverted-U,2.0,39.9506178009,-75.1455198821
Staple or Inverted-U,2.0,39.9506791712,-75.1455288833
Staple or Inverted-U,0.0,39.9506034747,-75.1456394542
Staple or Inverted-U,0.0,39.9505296551,-75.1456693868
Staple or Inverted-U,2.0,39.9508582094,-75.1455747089
Converted Parking Meter,2.0,39.951004023,-75.1454607064
Staple or Inverted-U,2.0,39.9514352723,-75.1454934623
Staple or Inverted-U,2.0,39.9514889082,-75.1453401212
Converted Parking Meter,2.0,39.9522924346,-75.1451518888
Converted Parking Meter,2.0,39.9523825878,-75.1451533801
Converted Parking Meter,2.0,39.9527415243,-75.1451973434
Converted Parking Meter,2.0,39.9533981125,-75.1450652472
Staple or Inverted-U,2.0,39.9533800565,-75.1449183778
Staple or Inverted-U,2.0,39.9537802168,-75.1449904799
Staple or Inverted-U,4.0,39.9553843641,-75.1704796024
Converted Parking Meter,2.0,39.9553159232,-75.1699803717
Staple or Inverted-U,2.0,39.955296063,-75.1697333092
Staple or Inverted-U,2.0,39.955243999,-75.1693263887
Staple or Inverted-U,2.0,39.9552364499,-75.1692027678
Converted Parking Meter,2.0,39.9552099852,-75.16908606
Converted Parking Meter,2.0,39.9552028536,-75.1689810095
Staple or Inverted-U,2.0,39.9551738818,-75.1687528788
Converted Parking Meter,2.0,39.9551169109,-75.1683399515
Converted Parking Meter,2.0,39.9548155744,-75.1695687934
Staple or Inverted-U,2.0,39.9526150315,-75.1658547204
Staple or Inverted-U,2.0,39.9526514222,-75.1662002657
Staple or Inverted-U,2.0,39.9527095159,-75.166662696
Wave,3.0,39.952761868,-75.1670819787
Wave,3.0,39.9527783893,-75.167180474
Wave,3.0,39.9527953286,-75.1672975389
Wave,3.0,39.9527930729,-75.167409138
Staple or Inverted-U,2.0,39.9528195392,-75.1675258409
Converted Parking Meter,2.0,39.9528270902,-75.1676494584
Staple or Inverted-U,2.0,39.9528443077,-75.167778903
Staple or Inverted-U,2.0,39.9528660104,-75.1678957872
Converted Parking Meter,2.0,39.9528826703,-75.1680004719
Staple or Inverted-U,2.0,39.9528899421,-75.168111709
Staple or Inverted-U,2.0,39.9529021164,-75.1682289554
Staple or Inverted-U,2.0,39.952913594,-75.1683152528
Staple or Inverted-U,2.0,39.9528582393,-75.1683978939
Staple or Inverted-U,2.0,39.9529652437,-75.1687035877
Converted Parking Meter,2.0,39.9530572016,-75.1694001541
Staple or Inverted-U,2.0,39.9530641936,-75.1694990122
Converted Parking Meter,2.0,39.953075531,-75.1695791197
Converted Parking Meter,2.0,39.9530865908,-75.1696468465
Converted Parking Meter,2.0,39.9531519395,-75.1702205206
Staple or Inverted-U,2.0,39.9532426617,-75.1708032212
Converted Parking Meter,2.0,39.9532636492,-75.1709944756
Staple or Inverted-U,2.0,39.9532870185,-75.1711856419
Staple or Inverted-U,2.0,39.9532980765,-75.1712533693
Staple or Inverted-U,2.0,39.9533862599,-75.1713584399
Converted Parking Meter,2.0,39.9533752716,-75.1712938065
Converted Parking Meter,2.0,39.9533628222,-75.1711641792
Converted Parking Meter,2.0,39.9533429625,-75.1710133394
Converted Parking Meter,2.0,39.953309525,-75.1706924566
Converted Parking Meter,2.0,39.9532930068,-75.1705939597
Staple or Inverted-U,2.0,39.9533165552,-75.1700509822
Staple or Inverted-U,2.0,39.9534089625,-75.1700257899
Converted Parking Meter,2.0,39.9533137013,-75.1699240886
Converted Parking Meter,2.0,39.9534656554,-75.169896635
Converted Parking Meter,2.0,39.9536293804,-75.1698625397
Converted Parking Meter,2.0,39.9537741901,-75.1698353559
Converted Parking Meter,2.0,39.9538927972,-75.1698091682
Converted Parking Meter,2.0,39.954018621,-75.1697858054
Staple or Inverted-U,2.0,39.9531870727,-75.1696996737
Converted Parking Meter,2.0,39.9531622248,-75.1695488345
Converted Parking Meter,2.0,39.9530962451,-75.1689473058
Converted Parking Meter,2.0,39.9530779844,-75.1687714355
Staple or Inverted-U,2.0,39.9531164991,-75.1683641851
Converted Parking Meter,2.0,39.9533965887,-75.168310177
Staple or Inverted-U,2.0,39.9536905517,-75.1682370543
Staple or Inverted-U,2.0,39.9529600013,-75.1679798339
Staple or Inverted-U,2.0,39.9529420874,-75.1678194388
Converted Parking Meter,2.0,39.9529320858,-75.1676928176
Staple or Inverted-U,4.0,39.9529055622,-75.1674676997
Staple or Inverted-U,2.0,39.9528767267,-75.1672457688
Staple or Inverted-U,2.0,39.9528063203,-75.1666599017
Staple or Inverted-U,2.0,39.9527823858,-75.1664439795
Staple or Inverted-U,2.0,39.9527585903,-75.1662342477
Staple or Inverted-U,2.0,39.9495982172,-75.1728502785
Staple or Inverted-U,2.0,39.9491334495,-75.1729608285
Staple or Inverted-U,2.0,39.9488500204,-75.1728662662
Staple or Inverted-U,2.0,39.9486317155,-75.1712143371
Staple or Inverted-U,2.0,39.9479706919,-75.1710783607
Staple or Inverted-U,2.0,39.9462478126,-75.1650730411
Staple or Inverted-U,2.0,39.9465378464,-75.1650372292
Staple or Inverted-U,2.0,39.9467183132,-75.1650055851
Staple or Inverted-U,2.0,39.9469665887,-75.1650209193
Staple or Inverted-U,2.0,39.9469832512,-75.1651255955
Staple or Inverted-U,2.0,39.9470042593,-75.1652115212
Staple or Inverted-U,2.0,39.9470158786,-75.1653039991
Staple or Inverted-U,2.0,39.9470175522,-75.1653782714
Staple or Inverted-U,2.0,39.9470489476,-75.1665602609
Staple or Inverted-U,2.0,39.9469872968,-75.1665749937
Staple or Inverted-U,2.0,39.94693041,-75.1665895465
Staple or Inverted-U,2.0,39.946854189,-75.1665924443
Staple or Inverted-U,2.0,39.9464349064,-75.1682995137
Staple or Inverted-U,4.0,39.9472521589,-75.1673268707
Staple or Inverted-U,2.0,39.9472932713,-75.1668235388
Staple or Inverted-U,2.0,39.9473752944,-75.1675018374
Staple or Inverted-U,2.0,39.9475879001,-75.1692158889
Staple or Inverted-U,4.0,39.9456411037,-75.1653377071
Staple or Inverted-U,2.0,39.9442772441,-75.1654855954
Converted Parking Meter,2.0,39.9445369865,-75.1719427123
Staple or Inverted-U,2.0,39.944611121,-75.1726956219
Converted Parking Meter,2.0,39.9446237086,-75.1728314223
Staple or Inverted-U,2.0,39.9446459624,-75.1729730498
Converted Parking Meter,2.0,39.9446687714,-75.1731394356
Staple or Inverted-U,2.0,39.9445730416,-75.1733350932
Staple or Inverted-U,2.0,39.9443518218,-75.1715532948
Converted Parking Meter,2.0,39.9444103065,-75.1711856046
Converted Parking Meter,2.0,39.9443470494,-75.1707048403
Converted Parking Meter,2.0,39.9442650585,-75.1708752023
Converted Parking Meter,2.0,39.9443283042,-75.1705073313
Converted Parking Meter,2.0,39.9442296562,-75.170573019
Staple or Inverted-U,2.0,39.9443262163,-75.1704144933
Converted Parking Meter,2.0,39.9442177627,-75.1704681661
Staple or Inverted-U,4.0,39.9527378722,-75.1660682703
School Yard,39.0,39.9532140319,-75.1661461883
School Yard,36.0,39.9531910028,-75.1659704997
School Yard,36.0,39.9531708444,-75.1658163854
Converted Parking Meter,2.0,39.9511748158,-75.1661571378
Converted Parking Meter,2.0,39.9511847851,-75.166282208
Staple or Inverted-U,2.0,39.9512018299,-75.1664039126
Converted Parking Meter,2.0,39.9512137619,-75.166510323
Staple or Inverted-U,2.0,39.9512369296,-75.1666921957
Converted Parking Meter,2.0,39.9512741033,-75.1669138052
Staple or Inverted-U,2.0,39.9512946499,-75.1670322793
Converted Parking Meter,2.0,39.9513328875,-75.1671423366
Staple or Inverted-U,6.0,39.9526297954,-75.1668266442
Staple or Inverted-U,2.0,39.9510630029,-75.1658681633
Staple or Inverted-U,2.0,39.9510807801,-75.1660223634
Staple or Inverted-U,6.0,39.9511083632,-75.1661885803
Staple or Inverted-U,2.0,39.9511542114,-75.1665306631
Staple or Inverted-U,2.0,39.9511741598,-75.1666754878
Staple or Inverted-U,2.0,39.9511950148,-75.1668605461
Staple or Inverted-U,2.0,39.9512232945,-75.1670577131
Staple or Inverted-U,2.0,39.9511541243,-75.1672678763
Staple or Inverted-U,2.0,39.9505005445,-75.1669334102
Staple or Inverted-U,2.0,39.9504837442,-75.1668225393
Converted Parking Meter,2.0,39.9504742294,-75.1667175857
Staple or Inverted-U,2.0,39.9503174554,-75.1660018322
Staple or Inverted-U,6.0,39.95249257,-75.1669970723
Staple or Inverted-U,2.0,39.9514489925,-75.1672349852
Staple or Inverted-U,2.0,39.951357618,-75.1674119204
Staple or Inverted-U,2.0,39.9513695151,-75.1675167849
Converted Parking Meter,2.0,39.9513994648,-75.1677882286
Converted Parking Meter,2.0,39.9514396386,-75.1680902613
Staple or Inverted-U,2.0,39.9514565769,-75.168207323
Converted Parking Meter,2.0,39.9514737938,-75.1683367663
Staple or Inverted-U,2.0,39.95244068,-75.1685044688
Converted Parking Meter,2.0,39.9525119976,-75.1684955636
Converted Parking Meter,2.0,39.9525807243,-75.1684774648
Converted Parking Meter,2.0,39.9526425147,-75.1684689227
School Yard,4.0,39.9514079218,-75.168481755
Staple or Inverted-U,4.0,39.951393923,-75.168389361
Staple or Inverted-U,2.0,39.9513848275,-75.1683029763
Staple or Inverted-U,2.0,39.9513732793,-75.1682135858
Staple or Inverted-U,2.0,39.9513253337,-75.1678839727
Staple or Inverted-U,4.0,39.9512678023,-75.1674463101
Staple or Inverted-U,2.0,39.9494403617,-75.1646351406
Staple or Inverted-U,2.0,39.9494920239,-75.1650234529
Staple or Inverted-U,2.0,39.9495211426,-75.1652577517
Staple or Inverted-U,6.0,39.9497535255,-75.1658374292
Staple or Inverted-U,2.0,39.9515277491,-75.1688275629
Staple or Inverted-U,2.0,39.9515343934,-75.1689109433
Converted Parking Meter,2.0,39.9515495398,-75.1690544041
Converted Parking Meter,2.0,39.9515749114,-75.1692284504
Converted Parking Meter,2.0,39.9515931018,-75.1694012218
Staple or Inverted-U,2.0,39.9516185774,-75.1695799121
Converted Parking Meter,2.0,39.9516418795,-75.1697679783
Staple or Inverted-U,2.0,39.9516623815,-75.1699375634
Staple or Inverted-U,2.0,39.9516879945,-75.1701224443
Staple or Inverted-U,2.0,39.9517650352,-75.1702620056
Converted Parking Meter,2.0,39.9518315889,-75.1702532845
Converted Parking Meter,2.0,39.9524121556,-75.1701507046
Staple or Inverted-U,2.0,39.9528141487,-75.1700580014
Staple or Inverted-U,2.0,39.9529493946,-75.1700296337
Staple or Inverted-U,2.0,39.9527964956,-75.1578357085
Staple or Inverted-U,2.0,39.9529576438,-75.1589539954
Staple or Inverted-U,2.0,39.9530666947,-75.1579771835
Staple or Inverted-U,2.0,39.9529307493,-75.1588187247
Converted Parking Meter,2.0,39.9529108601,-75.1586769937
Staple or Inverted-U,2.0,39.9528983256,-75.1585442745
Staple or Inverted-U,2.0,39.9528764744,-75.1584212042
Converted Parking Meter,2.0,39.9528597358,-75.1583134255
Staple or Inverted-U,2.0,39.9528444002,-75.1581622277
Staple or Inverted-U,2.0,39.9527752084,-75.1575794188
Staple or Inverted-U,20.0,39.9526120187,-75.1562660689
Converted Parking Meter,2.0,39.9525991324,-75.1561178751
School Yard,6.0,39.9524824399,-75.1551744652
Converted Parking Meter,2.0,39.9525129068,-75.1555202326
Converted Parking Meter,2.0,39.9523205531,-75.1539725877
School Yard,8.0,39.9522985569,-75.1536326936
Staple or Inverted-U,6.0,39.9489941476,-75.1642282798
Staple or Inverted-U,6.0,39.9489254216,-75.1642463832
School Yard,10.0,39.9487474068,-75.1642810334
School Yard,10.0,39.9486905901,-75.1642986823
Converted Parking Meter,2.0,39.9487263181,-75.1642973227
Staple or Inverted-U,2.0,39.9470631624,-75.1646517595
Staple or Inverted-U,2.0,39.9464790982,-75.164757609
Staple or Inverted-U,2.0,39.9459882064,-75.1648723008
Staple or Inverted-U,2.0,39.9459573811,-75.1648796685
Staple or Inverted-U,2.0,39.9459337717,-75.1648898579
Staple or Inverted-U,2.0,39.9458223109,-75.1649157793
School Yard,10.0,39.9457222006,-75.1649164902
School Yard,10.0,39.94568423,-75.1649241296
School Yard,10.0,39.9456536139,-75.1649407805
School Yard,10.0,39.9456869608,-75.1649395119
School Yard,10.0,39.9454151447,-75.1649374636
School Yard,10.0,39.9452749616,-75.1649582825
Staple or Inverted-U,2.0,39.9445767634,-75.1651830643
Converted Parking Meter,2.0,39.9434085188,-75.1636974976
Converted Parking Meter,2.0,39.9433333302,-75.1631118972
Converted Parking Meter,2.0,39.9432974188,-75.1627880615
Converted Parking Meter,2.0,39.9429579845,-75.1600011557
Converted Parking Meter,2.0,39.9426883035,-75.1578775002
Converted Parking Meter,2.0,39.9426738066,-75.1577634588
Converted Parking Meter,2.0,39.9426616208,-75.157646232
Converted Parking Meter,2.0,39.9426365472,-75.1574861365
Converted Parking Meter,0.0,39.9425550936,-75.1568357469
Converted Parking Meter,2.0,39.9424987834,-75.1563485482
Staple or Inverted-U,2.0,39.9424754594,-75.1561605131
Converted Parking Meter,2.0,39.9424264992,-75.1557876277
School Yard,10.0,39.9419910709,-75.1587774812
Converted Parking Meter,2.0,39.9435646691,-75.1644906281
Converted Parking Meter,2.0,39.943006531,-75.1600395687
Converted Parking Meter,2.0,39.942994627,-75.1599347184
Converted Parking Meter,2.0,39.9429061874,-75.1591854802
Converted Parking Meter,2.0,39.9428834281,-75.1590221992
School Yard,5.0,39.9428607478,-75.158651405
School Yard,10.0,39.9427103899,-75.1573780169
Converted Parking Meter,2.0,39.9426410419,-75.1571576674
Staple or Inverted-U,2.0,39.9419014027,-75.1587127643
Staple or Inverted-U,2.0,39.9496845322,-75.1609094069
Staple or Inverted-U,0.0,39.9496778821,-75.1608260283
Staple or Inverted-U,2.0,39.9496690603,-75.1607520255
Wave,11.0,39.9490324651,-75.1558947253
Wave,11.0,39.9490314153,-75.1558483034
Wave,11.0,39.9490232893,-75.1558052492
Converted Parking Meter,2.0,39.949074384,-75.1540594393
Converted Parking Meter,2.0,39.9492263352,-75.1540319518
Converted Parking Meter,2.0,39.9524235514,-75.1560492033
Converted Parking Meter,2.0,39.9523832068,-75.1557409843
Converted Parking Meter,2.0,39.9523577119,-75.1554569796
Converted Parking Meter,2.0,39.9523484677,-75.1552590865
School Yard,0.0,39.9520662997,-75.1535352189
Staple or Inverted-U,2.0,39.9515533513,-75.153622966
Converted Parking Meter,2.0,39.9489841363,-75.154390601
Converted Parking Meter,2.0,39.9489720849,-75.1544901783
Converted Parking Meter,2.0,39.9489987053,-75.1546130596
Wave,6.0,39.9493560479,-75.1573693087
Converted Parking Meter,2.0,39.9498057599,-75.1610257485
School Yard,14.0,39.9491285887,-75.1690334757
Staple or Inverted-U,2.0,39.9489973451,-75.1676508145
Staple or Inverted-U,2.0,39.9493345319,-75.1691805252
Staple or Inverted-U,2.0,39.9494108372,-75.1690754111
Staple or Inverted-U,2.0,39.9499531718,-75.1693397781
Converted Parking Meter,2.0,39.9500213299,-75.1699322653
Staple or Inverted-U,2.0,39.9500379183,-75.1700338523
Staple or Inverted-U,2.0,39.950047431,-75.1701388045
Converted Parking Meter,2.0,39.9500884328,-75.1704779693
Staple or Inverted-U,2.0,39.9492872835,-75.1708955624
Staple or Inverted-U,2.0,39.9491234885,-75.1709265591
Staple or Inverted-U,2.0,39.9488389824,-75.1709962086
Staple or Inverted-U,2.0,39.9479937767,-75.1726358247
Staple or Inverted-U,2.0,39.9479555806,-75.172315147
Staple or Inverted-U,2.0,39.9473614023,-75.1712288372
Staple or Inverted-U,2.0,39.9477944585,-75.1709802802
Staple or Inverted-U,2.0,39.946949426,-75.170188463
Converted Parking Meter,2.0,39.9487509228,-75.1690948232
Converted Parking Meter,2.0,39.9487045252,-75.1687279947
Staple or Inverted-U,2.0,39.9486604396,-75.1683579799
Staple or Inverted-U,2.0,39.9486522487,-75.1683118295
Converted Parking Meter,2.0,39.9486177451,-75.1680498612
Converted Parking Meter,2.0,39.9488305546,-75.1697734108
Converted Parking Meter,2.0,39.9488471432,-75.169874996
Converted Parking Meter,2.0,39.9488591077,-75.1699829508
Staple or Inverted-U,2.0,39.948375379,-75.1678734074
Wave,4.0,39.9482812197,-75.1684561979
Staple or Inverted-U,2.0,39.9493669549,-75.1646918226
Converted Parking Meter,2.0,39.9494235902,-75.1650892382
Converted Parking Meter,2.0,39.9494658621,-75.1654841042
Staple or Inverted-U,2.0,39.949485186,-75.1656010725
Converted Parking Meter,2.0,39.9494890314,-75.1656659719
Staple or Inverted-U,2.0,39.9502901698,-75.1720287051
Converted Parking Meter,2.0,39.9502762434,-75.1719394069
Staple or Inverted-U,4.0,39.9457753757,-75.1669593947
Converted Parking Meter,2.0,39.9441942231,-75.1701105067
Staple or Inverted-U,2.0,39.9442329209,-75.1699232057
Converted Parking Meter,2.0,39.944203045,-75.1696548832
Converted Parking Meter,2.0,39.9441224935,-75.1695712196
Converted Parking Meter,2.0,39.9440900964,-75.1692967999
Converted Parking Meter,2.0,39.9441828219,-75.1694976935
Converted Parking Meter,2.0,39.9441623888,-75.1693312196
Staple or Inverted-U,2.0,39.9448807654,-75.1686256442
Staple or Inverted-U,6.0,39.9446672988,-75.1686740172
Staple or Inverted-U,6.0,39.9446640677,-75.1687422784
Staple or Inverted-U,2.0,39.9438865356,-75.173603427
Staple or Inverted-U,2.0,39.9442226197,-75.1704191493
Staple or Inverted-U,2.0,39.9437711316,-75.1687885859
Converted Parking Meter,2.0,39.9440103256,-75.1686122508
Converted Parking Meter,2.0,39.9440285864,-75.1682584774
Converted Parking Meter,2.0,39.9439574081,-75.1682735699
Converted Parking Meter,2.0,39.94392998,-75.1680082535
Converted Parking Meter,2.0,39.9439053523,-75.167761414
Converted Parking Meter,2.0,39.9438634227,-75.1674873569
Staple or Inverted-U,2.0,39.9438515264,-75.1673825051
Staple or Inverted-U,2.0,39.9438455081,-75.1673269845
Converted Parking Meter,2.0,39.9437160328,-75.1662355018
Staple or Inverted-U,2.0,39.943698465,-75.1660906014
Converted Parking Meter,2.0,39.9436918196,-75.1660072308
Staple or Inverted-U,2.0,39.9436572402,-75.1657421881
Converted Parking Meter,2.0,39.9438238793,-75.1665782866
Staple or Inverted-U,2.0,39.9438554475,-75.1668155696
Converted Parking Meter,2.0,39.943965318,-75.1677777185
Staple or Inverted-U,2.0,39.9439973008,-75.1680335709
Converted Parking Meter,2.0,39.9440057695,-75.1680920948
Converted Parking Meter,2.0,39.9441295037,-75.1690351377
Staple or Inverted-U,2.0,39.9450939657,-75.1689892152
Staple or Inverted-U,8.0,39.9451348326,-75.169322165
Staple or Inverted-U,6.0,39.9451737492,-75.1695684668
Staple or Inverted-U,2.0,39.9451860612,-75.1696918897
Converted Parking Meter,2.0,39.9517926361,-75.1711532244
Converted Parking Meter,2.0,39.9517624775,-75.1709251507
Staple or Inverted-U,2.0,39.951746733,-75.1708080413
Converted Parking Meter,2.0,39.9517146859,-75.1705490645
Staple or Inverted-U,2.0,39.9516102659,-75.1700930438
Staple or Inverted-U,2.0,39.9515759753,-75.1698403473
Staple or Inverted-U,2.0,39.9464181623,-75.1722189635
Hitch Style,2.0,39.9506793137,-75.1684495457
Hitch Style,2.0,39.9506539069,-75.1682739532
Hitch Style,2.0,39.9506357845,-75.1681042795
Hitch Style,6.0,39.9506071583,-75.1678916398
Converted Parking Meter,2.0,39.9505918354,-75.1677404448
Staple or Inverted-U,2.0,39.9504229815,-75.1673348963
Staple or Inverted-U,2.0,39.9503281927,-75.1673601817
Converted Parking Meter,2.0,39.9503799549,-75.1674356504
Staple or Inverted-U,2.0,39.9506385148,-75.168649336
Converted Parking Meter,2.0,39.9505731861,-75.1689243977
Staple or Inverted-U,2.0,39.9496878976,-75.1666628103
Staple or Inverted-U,2.0,39.949703222,-75.166814003
Staple or Inverted-U,2.0,39.9499202388,-75.1686177711
Staple or Inverted-U,4.0,39.9499298215,-75.168725818
Staple or Inverted-U,2.0,39.9499557856,-75.1689261676
Staple or Inverted-U,2.0,39.9500142934,-75.1693544927
Staple or Inverted-U,2.0,39.9500269537,-75.1694933983
Staple or Inverted-U,2.0,39.9500466208,-75.1696258426
Staple or Inverted-U,2.0,39.9500942676,-75.170048387
Staple or Inverted-U,2.0,39.9501035019,-75.1701409604
Staple or Inverted-U,2.0,39.9501125264,-75.1702242499
Staple or Inverted-U,2.0,39.9501296017,-75.1703474999
Staple or Inverted-U,2.0,39.9507078602,-75.1692414218
Converted Parking Meter,2.0,39.951025584,-75.1695886656
Converted Parking Meter,2.0,39.9510346634,-75.1697803667
Staple or Inverted-U,2.0,39.9512817324,-75.1703781005
Staple or Inverted-U,2.0,39.951452395,-75.1703344498
Converted Parking Meter,2.0,39.9515569205,-75.1703180916
Staple or Inverted-U,2.0,39.9513505141,-75.1704684149
Staple or Inverted-U,2.0,39.9512654616,-75.1705026185
Staple or Inverted-U,2.0,39.950195312,-75.1708313094
Staple or Inverted-U,2.0,39.95021183,-75.1709298018
Staple or Inverted-U,2.0,39.9502225239,-75.1710873675
Staple or Inverted-U,2.0,39.9502385547,-75.1711641961
Staple or Inverted-U,2.0,39.9502479968,-75.1712660537
Staple or Inverted-U,0.0,39.9461711952,-75.1696111197
Staple or Inverted-U,2.0,39.945596397,-75.1668454041
Staple or Inverted-U,4.0,39.9455395102,-75.1668599564
Staple or Inverted-U,2.0,39.9456765365,-75.1662755571
Staple or Inverted-U,2.0,39.9456677174,-75.166201558
Staple or Inverted-U,2.0,39.9457276951,-75.166112553
Staple or Inverted-U,10.0,39.9456987864,-75.1658875514
Staple or Inverted-U,10.0,39.9456515426,-75.1654836049
Staple or Inverted-U,0.0,39.9475116404,-75.1680518057
Staple or Inverted-U,2.0,39.9479390034,-75.1678683079
Staple or Inverted-U,2.0,39.9480223,-75.1678620451
Converted Parking Meter,2.0,39.9481263241,-75.1679293328
Converted Parking Meter,2.0,39.948113629,-75.1663067849
Converted Parking Meter,2.0,39.9484916384,-75.1670017169
Staple or Inverted-U,2.0,39.9485025595,-75.16706325
Staple or Inverted-U,2.0,39.9485710704,-75.1676708344
Staple or Inverted-U,6.0,39.9477321754,-75.1663058023
Staple or Inverted-U,2.0,39.9482528908,-75.1650811175
Staple or Inverted-U,2.0,39.9482332882,-75.164951773
Staple or Inverted-U,2.0,39.9493950573,-75.1659390238
Staple or Inverted-U,0.0,39.9492152458,-75.164412811
Staple or Inverted-U,2.0,39.9489306739,-75.1644793929
Staple or Inverted-U,2.0,39.9488122066,-75.1645117779
Staple or Inverted-U,2.0,39.9486457522,-75.1645305007
Staple or Inverted-U,2.0,39.9485971559,-75.1669235496
Staple or Inverted-U,2.0,39.9496999962,-75.1673059758
Converted Parking Meter,2.0,39.9496787934,-75.1671054477
Converted Parking Meter,2.0,39.9496699051,-75.1670283491
Converted Parking Meter,2.0,39.9496514207,-75.1669485177
Staple or Inverted-U,2.0,39.9486017294,-75.1673384279
Staple or Inverted-U,2.0,39.9486187251,-75.1675638924
Converted Parking Meter,2.0,39.9494357051,-75.1676381565
Converted Parking Meter,2.0,39.9495257298,-75.1676130529
Converted Parking Meter,2.0,39.9497556337,-75.1677653826
Staple or Inverted-U,2.0,39.9497624869,-75.1678580469
Staple or Inverted-U,2.0,39.949774523,-75.1679690978
Staple or Inverted-U,2.0,39.9497916007,-75.1680923467
Converted Parking Meter,2.0,39.9498257013,-75.1682834553
Converted Parking Meter,2.0,39.9498250606,-75.1683609162
Converted Parking Meter,2.0,39.9498509,-75.1684497617
Converted Parking Meter,2.0,39.9498592513,-75.1687679406
Staple or Inverted-U,2.0,39.9519953019,-75.1783225648
Staple or Inverted-U,2.0,39.9526827496,-75.1786806459
School Yard,8.0,39.9527027529,-75.1788285725
Converted Parking Meter,2.0,39.9528145845,-75.179350931
Converted Parking Meter,2.0,39.9527376721,-75.178684763
Converted Parking Meter,2.0,39.9545980926,-75.1728310033
Converted Parking Meter,2.0,39.9545852268,-75.1726828032
Converted Parking Meter,2.0,39.9545680149,-75.1725533541
Converted Parking Meter,2.0,39.9545592183,-75.1723740223
Converted Parking Meter,2.0,39.9545305305,-75.1721582733
Converted Parking Meter,2.0,39.9545059109,-75.1719113938
Staple or Inverted-U,2.0,39.9545019815,-75.1727974769
Converted Parking Meter,2.0,39.9544931844,-75.1726181453
Converted Parking Meter,2.0,39.9544745816,-75.1724267955
Staple or Inverted-U,2.0,39.9544512153,-75.1722356264
Staple or Inverted-U,2.0,39.9544326119,-75.172044278
Converted Parking Meter,2.0,39.9544021149,-75.1717480586
Staple or Inverted-U,2.0,39.9543835106,-75.1715567092
Converted Parking Meter,2.0,39.9538733657,-75.1715574829
Converted Parking Meter,2.0,39.9537399789,-75.1715625448
Staple or Inverted-U,2.0,39.9541625013,-75.1750902264
Staple or Inverted-U,2.0,39.9540394753,-75.1751320604
Staple or Inverted-U,2.0,39.9536149024,-75.172998396
Converted Parking Meter,2.0,39.9536171635,-75.1728867958
Staple or Inverted-U,2.0,39.9536006471,-75.1727882979
Converted Parking Meter,2.0,39.9535891729,-75.1727020001
Staple or Inverted-U,2.0,39.9535564179,-75.1725173853
Converted Parking Meter,2.0,39.9535343026,-75.1723819286
Converted Parking Meter,2.0,39.9535266176,-75.1722521189
Staple or Inverted-U,2.0,39.9535190725,-75.1721285007
Converted Parking Meter,2.0,39.9534970959,-75.1719992345
Staple or Inverted-U,2.0,39.9534906625,-75.1719251358
Staple or Inverted-U,2.0,39.95346813,-75.1717711095
Staple or Inverted-U,2.0,39.9535092468,-75.1730705516
Staple or Inverted-U,2.0,39.9535091566,-75.1729466495
Converted Parking Meter,2.0,39.9535021675,-75.1728477904
Converted Parking Meter,2.0,39.95349777,-75.1727581265
Converted Parking Meter,2.0,39.9534885378,-75.1726655482
Converted Parking Meter,2.0,39.953473847,-75.1725421999
Staple or Inverted-U,2.0,39.9534539052,-75.1723973686
Converted Parking Meter,2.0,39.9534413179,-75.1722615507
Converted Parking Meter,2.0,39.9534218626,-75.1721383845
Staple or Inverted-U,2.0,39.953401642,-75.1719811728
Staple or Inverted-U,2.0,39.9533833163,-75.1718022057
Converted Parking Meter,2.0,39.9537731189,-75.1744567169
Converted Parking Meter,2.0,39.9537598392,-75.1742899483
Staple or Inverted-U,2.0,39.9536968985,-75.1744596061
Staple or Inverted-U,2.0,39.9536803835,-75.1743611077
Staple or Inverted-U,2.0,39.9536739516,-75.1742870086
Staple or Inverted-U,2.0,39.9536538227,-75.1740275712
Converted Parking Meter,2.0,39.9536325432,-75.1739292537
Converted Parking Meter,2.0,39.953625694,-75.1738365846
Converted Parking Meter,2.0,39.9536042762,-75.1737320768
Converted Parking Meter,2.0,39.953602469,-75.1736516067
Staple or Inverted-U,2.0,39.9535638392,-75.1734176527
Staple or Inverted-U,2.0,39.9539915159,-75.1761149707
Staple or Inverted-U,2.0,39.9539836972,-75.1759789705
Converted Parking Meter,2.0,39.9539615859,-75.1758435117
Staple or Inverted-U,2.0,39.9539599191,-75.1757692316
Converted Parking Meter,2.0,39.9539435441,-75.175676923
Converted Parking Meter,2.0,39.953864466,-75.1752338589
Staple or Inverted-U,2.0,39.9532364539,-75.1767891951
Staple or Inverted-U,2.0,39.9531369684,-75.176817744
Staple or Inverted-U,2.0,39.9530376225,-75.1768524819
Converted Parking Meter,2.0,39.951478986,-75.1783611504
Converted Parking Meter,2.0,39.9513239701,-75.1772952756
Staple or Inverted-U,2.0,39.9521761607,-75.1771329102
Staple or Inverted-U,2.0,39.952043329,-75.1771627207
Staple or Inverted-U,2.0,39.9519340384,-75.1771792489
Converted Parking Meter,2.0,39.9517681812,-75.1770120667
Staple or Inverted-U,2.0,39.9516643775,-75.1762163756
Staple or Inverted-U,2.0,39.9517167652,-75.1755762977
Staple or Inverted-U,2.0,39.9525204665,-75.1768654134
Staple or Inverted-U,2.0,39.9525084399,-75.1767543564
Converted Parking Meter,2.0,39.9524910937,-75.1766187199
Staple or Inverted-U,2.0,39.9524892886,-75.1765382511
Converted Parking Meter,2.0,39.9524626925,-75.1764153561
Staple or Inverted-U,2.0,39.9524456237,-75.1762920992
Staple or Inverted-U,2.0,39.9524139971,-75.1767951039
Converted Parking Meter,2.0,39.9524091372,-75.1765784576
Staple or Inverted-U,2.0,39.9523866101,-75.1764244322
Staple or Inverted-U,2.0,39.9521506409,-75.1754700286
Converted Parking Meter,2.0,39.9523765821,-75.1757650304
Converted Parking Meter,2.0,39.9521668934,-75.1739639984
Staple or Inverted-U,2.0,39.9521894238,-75.1741180225
Staple or Inverted-U,2.0,39.9522439722,-75.1746363457
Converted Parking Meter,2.0,39.9522765848,-75.1748147677
Staple or Inverted-U,2.0,39.9525798093,-75.1718636711
Converted Parking Meter,2.0,39.9520210164,-75.1728822871
Staple or Inverted-U,2.0,39.9520133319,-75.1727524803
School Yard,10.0,39.9520760961,-75.1727872702
Staple or Inverted-U,2.0,39.9520011624,-75.1726352357
Staple or Inverted-U,0.0,39.9520079041,-75.1733598079
Converted Parking Meter,2.0,39.95125242,-75.1755807087
Staple or Inverted-U,2.0,39.9511102002,-75.1756170719
Converted Parking Meter,2.0,39.9512157734,-75.173735976
Converted Parking Meter,2.0,39.9515438872,-75.1753993013
Converted Parking Meter,2.0,39.9515299278,-75.1753084522
Converted Parking Meter,2.0,39.9514544172,-75.1747057459
Converted Parking Meter,2.0,39.9518032199,-75.1735712149
Converted Parking Meter,2.0,39.9512455389,-75.1730476826
Converted Parking Meter,2.0,39.9511818531,-75.1793804158
Converted Parking Meter,2.0,39.9511502662,-75.1790346895
Converted Parking Meter,2.0,39.9511313966,-75.1788309682
Converted Parking Meter,2.0,39.9510522149,-75.1782764132
Converted Parking Meter,2.0,39.9509537431,-75.1774995686
Staple or Inverted-U,2.0,39.9509138718,-75.1772099139
Converted Parking Meter,2.0,39.9508789026,-75.1769262669
Converted Parking Meter,2.0,39.9508415722,-75.1765373964
Converted Parking Meter,2.0,39.950807018,-75.1762723204
Converted Parking Meter,2.0,39.9505880674,-75.1745893846
Converted Parking Meter,2.0,39.9505743709,-75.1744040536
Converted Parking Meter,2.0,39.9505470768,-75.1742502137
Staple or Inverted-U,2.0,39.9505328238,-75.1740401248
Staple or Inverted-U,2.0,39.9506345317,-75.1741106099
Converted Parking Meter,2.0,39.9504187806,-75.1732081283
Converted Parking Meter,2.0,39.9504007349,-75.1730415489
Staple or Inverted-U,2.0,39.948945651,-75.1731072904
Staple or Inverted-U,2.0,39.9492908414,-75.1741473274
Staple or Inverted-U,2.0,39.9484713624,-75.1761916973
Staple or Inverted-U,2.0,39.9461253953,-75.1783382594
Staple or Inverted-U,0.0,39.9460828679,-75.178355355
Staple or Inverted-U,2.0,39.9470351253,-75.177167209
School Yard,10.0,39.945844245,-75.1742190264
Converted Parking Meter,2.0,39.9447352292,-75.1738259026
Converted Parking Meter,2.0,39.9446578779,-75.1738845849
Converted Parking Meter,0.0,39.9448607218,-75.1748494259
Converted Parking Meter,2.0,39.9447922025,-75.1748767995
Converted Parking Meter,2.0,39.9451841103,-75.177574841
Converted Parking Meter,2.0,39.9452019411,-75.1777321244
Converted Parking Meter,2.0,39.945224535,-75.1778892299
Staple or Inverted-U,2.0,39.9454128224,-75.1794167552
Staple or Inverted-U,2.0,39.9453956181,-75.1792873219
Converted Parking Meter,2.0,39.9453779272,-75.1791362261
Staple or Inverted-U,2.0,39.9453384753,-75.1791841778
Staple or Inverted-U,2.0,39.9452980532,-75.1788697876
Staple or Inverted-U,0.0,39.9450834664,-75.1798256609
Staple or Inverted-U,2.0,39.9451387608,-75.1797399438
Staple or Inverted-U,0.0,39.9449342589,-75.1800821798
Converted Parking Meter,2.0,39.9511693201,-75.172414033
Converted Parking Meter,0.0,39.9511519687,-75.1722784004
Staple or Inverted-U,2.0,39.951112984,-75.1774780524
Staple or Inverted-U,2.0,39.9504998556,-75.1757573822
Converted Parking Meter,2.0,39.9506650035,-75.1752555269
Converted Parking Meter,2.0,39.9504713868,-75.1736397809
Converted Parking Meter,2.0,39.9504529247,-75.1734546322
Staple or Inverted-U,2.0,39.950476018,-75.1727846996
Staple or Inverted-U,2.0,39.9497356586,-75.1759102322
Converted Parking Meter,2.0,39.9497274612,-75.1740582668
Staple or Inverted-U,2.0,39.9494387129,-75.1739391211
Staple or Inverted-U,2.0,39.9482578391,-75.1727338118
Staple or Inverted-U,2.0,39.9481129592,-75.1727578923
Staple or Inverted-U,0.0,39.9497738485,-75.1775052393
Staple or Inverted-U,2.0,39.9498035459,-75.1788298239
Converted Parking Meter,2.0,39.9485942188,-75.1742836922
Converted Parking Meter,0.0,39.9484303534,-75.1743115856
Staple or Inverted-U,2.0,39.9482840147,-75.1742706713
Staple or Inverted-U,2.0,39.9473044275,-75.1744679333
Staple or Inverted-U,2.0,39.9469130608,-75.1746624121
Staple or Inverted-U,2.0,39.9472902544,-75.1780861618
Staple or Inverted-U,2.0,39.9473612953,-75.1780648889
Staple or Inverted-U,2.0,39.9466423151,-75.1746193004
Staple or Inverted-U,2.0,39.9447126298,-75.1736688019
Converted Parking Meter,2.0,39.9448011833,-75.174427362
Converted Parking Meter,2.0,39.9447405737,-75.1744885066
Wave,18.0,39.9460031766,-75.1763609658
Converted Parking Meter,2.0,39.9451255118,-75.1770879865
Converted Parking Meter,2.0,39.9451637584,-75.1774114582
Staple or Inverted-U,2.0,39.9453696956,-75.178515574
Staple or Inverted-U,2.0,39.9453883801,-75.1786046868
Staple or Inverted-U,2.0,39.9453459443,-75.179304687
Staple or Inverted-U,1.0,39.9439211566,-75.1737385114
Staple or Inverted-U,1.0,39.9439424552,-75.1737315092
Staple or Inverted-U,2.0,39.9465541287,-75.1807208959
School Yard,20.0,39.947336097,-75.1834913193
Staple or Inverted-U,2.0,39.9461387983,-75.1627174847
Staple or Inverted-U,2.0,39.9452380578,-75.1629906753
School Yard,8.0,39.9450255046,-75.1630689876
Staple or Inverted-U,2.0,39.9466084222,-75.1610673854
Converted Parking Meter,2.0,39.9467359771,-75.1610451322
Staple or Inverted-U,2.0,39.9469226944,-75.1610032759
Converted Parking Meter,2.0,39.9471277142,-75.1609530777
Staple or Inverted-U,6.0,39.9476669724,-75.1607627564
Converted Parking Meter,2.0,39.9476817004,-75.1608365624
Staple or Inverted-U,6.0,39.9478345294,-75.1608139776
Staple or Inverted-U,2.0,39.947881775,-75.1607137423
Staple or Inverted-U,10.0,39.948177523,-75.1607378853
Converted Parking Meter,10.0,39.9481987216,-75.1607336662
Converted Parking Meter,2.0,39.9488067989,-75.1605954187
Staple or Inverted-U,8.0,39.9485396843,-75.1589023809
Staple or Inverted-U,4.0,39.9485689631,-75.159048465
Staple or Inverted-U,6.0,39.9476226565,-75.1591600829
Staple or Inverted-U,2.0,39.9476316669,-75.1592569519
Staple or Inverted-U,2.0,39.9474846428,-75.1592674227
Staple or Inverted-U,4.0,39.9469820606,-75.1592985494
Staple or Inverted-U,8.0,39.9449816769,-75.1598344971
Converted Parking Meter,2.0,39.9490101388,-75.1621686118
Staple or Inverted-U,2.0,39.9484925497,-75.1622114726
Staple or Inverted-U,2.0,39.9484164115,-75.1623017967
Converted Parking Meter,2.0,39.9483071177,-75.1623235458
Converted Parking Meter,2.0,39.9480349034,-75.1623701981
Staple or Inverted-U,6.0,39.9483964373,-75.1573785241
Staple or Inverted-U,2.0,39.9479220805,-75.1575672331
Converted Parking Meter,2.0,39.9477112688,-75.1576091981
Staple or Inverted-U,5.0,39.9475973911,-75.1576349996
Converted Parking Meter,5.0,39.947579725,-75.1576385159
Staple or Inverted-U,5.0,39.9474218162,-75.1576793461
Converted Parking Meter,5.0,39.9473994392,-75.1576838007
Staple or Inverted-U,10.0,39.9479113483,-75.1574660067
Converted Parking Meter,2.0,39.9471958745,-75.1577258889
Converted Parking Meter,2.0,39.9468029724,-75.1577978353
Converted Parking Meter,2.0,39.9464376045,-75.1578783953
Converted Parking Meter,2.0,39.9463032487,-75.1579145365
Staple or Inverted-U,4.0,39.9461970743,-75.1579341045
Converted Parking Meter,4.0,39.9462170949,-75.1579301192
Converted Parking Meter,2.0,39.9428728374,-75.1585691582
School Yard,10.0,39.9428842047,-75.1586655525
Staple or Inverted-U,2.0,39.9427249864,-75.1586032835
Staple or Inverted-U,4.0,39.9427356315,-75.1586935572
School Yard,3.0,39.9420029483,-75.1587563889
Converted Parking Meter,2.0,39.9449310662,-75.1565183971
Converted Parking Meter,2.0,39.9452837277,-75.156450697
Converted Parking Meter,2.0,39.946270988,-75.1562366153
Converted Parking Meter,2.0,39.946656412,-75.1561523673
Converted Parking Meter,2.0,39.9467880278,-75.1561236588
Converted Parking Meter,4.0,39.9446608654,-75.1550287184
Converted Parking Meter,2.0,39.9445276549,-75.1550602505
Converted Parking Meter,2.0,39.9444261886,-75.1550829578
Staple or Inverted-U,2.0,39.941741708,-75.1540539491
Converted Parking Meter,2.0,39.9508143784,-75.1520804527
Converted Parking Meter,2.0,39.9505675311,-75.1521296141
Staple or Inverted-U,2.0,39.9502969439,-75.152108327
Converted Parking Meter,2.0,39.9501834161,-75.1522086173
Staple or Inverted-U,2.0,39.9498098491,-75.1522217251
Converted Parking Meter,2.0,39.9491605364,-75.1524293436
Converted Parking Meter,2.0,39.9491681532,-75.1540675649
Converted Parking Meter,2.0,39.9494992796,-75.1539828362
Converted Parking Meter,2.0,39.9502835399,-75.1538360658
Converted Parking Meter,2.0,39.9505588583,-75.1537687119
Staple or Inverted-U,2.0,39.9508364817,-75.153608495
Staple or Inverted-U,2.0,39.9514873586,-75.153557191
Staple or Inverted-U,2.0,39.9515248148,-75.1534557609
Staple or Inverted-U,2.0,39.9518375438,-75.1533887857
Converted Parking Meter,2.0,39.9525526663,-75.1532485677
Staple or Inverted-U,6.0,39.9537923922,-75.1530492919
School Yard,26.0,39.9546632433,-75.1528783645
Converted Parking Meter,2.0,39.955055788,-75.1543915114
Converted Parking Meter,2.0,39.9548137262,-75.1544321954
Converted Parking Meter,2.0,39.954372062,-75.1545301696
Converted Parking Meter,2.0,39.9542363896,-75.154557186
Converted Parking Meter,2.0,39.9539303978,-75.1546281414
Staple or Inverted-U,2.0,39.9532081034,-75.1547995342
Staple or Inverted-U,2.0,39.9530586634,-75.1548242798
Staple or Inverted-U,4.0,39.9518332496,-75.1550958476
Converted Parking Meter,2.0,39.9511107256,-75.1551344642
Staple or Inverted-U,2.0,39.9508971579,-75.1553022812
Staple or Inverted-U,2.0,39.9505767121,-75.1552833922
Staple or Inverted-U,2.0,39.9502705386,-75.1554345641
Staple or Inverted-U,2.0,39.9494700116,-75.1555313058
Converted Parking Meter,2.0,39.9494269308,-75.1556075401
 Wave,10.0,39.9491302072,-75.1556916754
 Wave,5.0,39.9493584883,-75.1572349026
Converted Parking Meter,2.0,39.9493593854,-75.1571770914
Converted Parking Meter,2.0,39.9501342624,-75.1570754523
Staple or Inverted-U,2.0,39.9512364992,-75.1567733216
Converted Parking Meter,2.0,39.9513885231,-75.1568031961
Converted Parking Meter,2.0,39.9514434577,-75.1567947648
Staple or Inverted-U,2.0,39.9500996508,-75.1618528485
Staple or Inverted-U,2.0,39.9504328494,-75.1618541961
Converted Parking Meter,2.0,39.9505275391,-75.1618353514
Converted Parking Meter,2.0,39.9505753738,-75.161823953
Staple or Inverted-U,2.0,39.9531891867,-75.161260531
Staple or Inverted-U,6.0,39.9539430476,-75.1594960309
Other,4.0,39.9550781135,-75.1608833214
Other,4.0,39.9549571611,-75.1592847663
Staple or Inverted-U,4.0,39.9536538054,-75.1594677762
Staple or Inverted-U,2.0,39.9536192614,-75.1595673727
Staple or Inverted-U,2.0,39.9517310167,-75.1598931045
Staple or Inverted-U,2.0,39.9514688026,-75.159942791
Staple or Inverted-U,2.0,39.9507124457,-75.1601033585
Converted Parking Meter,2.0,39.9505658581,-75.1602177326
Converted Parking Meter,2.0,39.950322231,-75.160196059
Converted Parking Meter,2.0,39.9499314399,-75.1602838623
Converted Parking Meter,2.0,39.9496958947,-75.1603307431
Staple or Inverted-U,2.0,39.949517499,-75.1588176682
Staple or Inverted-U,2.0,39.9498165343,-75.1587531326
Staple or Inverted-U,2.0,39.9500725169,-75.1586996731
Converted Parking Meter,2.0,39.950299689,-75.1585817841
Converted Parking Meter,2.0,39.9505893023,-75.1585191222
Converted Parking Meter,2.0,39.9507690451,-75.1584733197
Staple or Inverted-U,4.0,39.9513491365,-75.1583553385
Staple or Inverted-U,2.0,39.9514665126,-75.158402138
Converted Parking Meter,2.0,39.9520300859,-75.1582749146
Converted Parking Meter,4.0,39.9521544843,-75.1581849974
Converted Parking Meter,4.0,39.9540746523,-75.1577701623
Converted Parking Meter,2.0,39.9547721658,-75.1576012267
Converted Parking Meter,2.0,39.9551059841,-75.1575372749
Converted Parking Meter,2.0,39.9550578604,-75.1560006462
Converted Parking Meter,2.0,39.9545951778,-75.1561002887
Street Corral,2.0,39.9541939496,-75.1561977184
Converted Parking Meter,2.0,39.9539958049,-75.1562346642
Converted Parking Meter,2.0,39.9530682661,-75.1564318679
Converted Parking Meter,2.0,39.9528901199,-75.1564748535
Converted Parking Meter,2.0,39.9500464346,-75.1506143005
Staple or Inverted-U,4.0,39.9493128899,-75.151017251
Converted Parking Meter,2.0,39.9493511962,-75.1513674846
Staple or Inverted-U,2.0,39.9492726042,-75.1513909679
Staple or Inverted-U,2.0,39.9488316506,-75.1509228134
Converted Parking Meter,2.0,39.9481882112,-75.1510627112
Converted Parking Meter,2.0,39.9478059083,-75.1511427675
Converted Parking Meter,2.0,39.9427238486,-75.1522292314
Converted Parking Meter,2.0,39.9424754765,-75.1523053116
Converted Parking Meter,2.0,39.9424229358,-75.1523095101
Staple or Inverted-U,2.0,39.9419558411,-75.1523962575
Staple or Inverted-U,2.0,39.9419488098,-75.1523162268
Staple or Inverted-U,2.0,39.9417831739,-75.152424376
Staple or Inverted-U,4.0,39.9412642785,-75.1524807219
Staple or Inverted-U,2.0,39.9412890696,-75.1525478196
Converted Parking Meter,2.0,39.9410331929,-75.150992108
Converted Parking Meter,2.0,39.9411824949,-75.1509498475
Staple or Inverted-U,2.0,39.9413406687,-75.1509214804
Converted Parking Meter,2.0,39.9413376248,-75.150834393
Staple or Inverted-U,2.0,39.9414267697,-75.150813507
Converted Parking Meter,2.0,39.9414691328,-75.1508865014
Staple or Inverted-U,2.0,39.941604302,-75.1508470543
Converted Parking Meter,2.0,39.9417409163,-75.1508198484
Converted Parking Meter,2.0,39.9416612272,-75.15075742
Converted Parking Meter,2.0,39.9420683176,-75.1507546459
Converted Parking Meter,2.0,39.9420824842,-75.1506703934
Converted Parking Meter,2.0,39.942206926,-75.150723909
Converted Parking Meter,2.0,39.9425120461,-75.1506537484
Staple or Inverted-U,2.0,39.942704828,-75.1506122228
Converted Parking Meter,2.0,39.942697073,-75.1505260712
Street Corral,4.0,39.9448048183,-75.1500624379
Street Corral,6.0,39.9455666635,-75.15000153
Staple or Inverted-U,6.0,39.9468241386,-75.1496257833
Staple or Inverted-U,4.0,39.9496604045,-75.1490639574
Staple or Inverted-U,2.0,39.9497537094,-75.1490579005
Staple or Inverted-U,4.0,39.9501207907,-75.148981645
Staple or Inverted-U,8.0,39.9501033107,-75.147362579
Staple or Inverted-U,2.0,39.9497972818,-75.1474454747
Staple or Inverted-U,4.0,39.9495425379,-75.1474930932
Staple or Inverted-U,2.0,39.9493358135,-75.1475186158
Staple or Inverted-U,2.0,39.9492153584,-75.1474580406
Staple or Inverted-U,4.0,39.9489553541,-75.147522368
Converted Parking Meter,6.0,39.9485782547,-75.1477384462
Converted Parking Meter,6.0,39.9481997583,-75.1478201122
Converted Parking Meter,6.0,39.9479216329,-75.1478943115
Converted Parking Meter,2.0,39.9423242778,-75.149062521
Staple or Inverted-U,4.0,39.9420851431,-75.149038117
Staple or Inverted-U,4.0,39.9420121252,-75.1490526606
Staple or Inverted-U,4.0,39.9419276924,-75.149072609
Converted Parking Meter,2.0,39.9416660214,-75.1492249499
Converted Parking Meter,2.0,39.9412636082,-75.1493082308
Staple or Inverted-U,2.0,39.9412891897,-75.1492185743
Staple or Inverted-U,2.0,39.9411683092,-75.1493178161
Converted Parking Meter,4.0,39.9411289893,-75.1493319113
Converted Parking Meter,4.0,39.9410849585,-75.1493469452
Converted Parking Meter,6.0,39.9411301053,-75.149259655
Converted Parking Meter,6.0,39.9410712201,-75.149271383
Converted Parking Meter,6.0,39.9409962081,-75.1492894556
Converted Parking Meter,2.0,39.9409154022,-75.1492992856
Staple or Inverted-U,2.0,39.9409046759,-75.1493922477
Staple or Inverted-U,2.0,39.9408309363,-75.1494006706
Staple or Inverted-U,2.0,39.9410840035,-75.1476433741
Wave,4.0,39.9482603968,-75.1460664992
Converted Parking Meter,2.0,39.948963213,-75.1459139399
Staple or Inverted-U,2.0,39.9491324092,-75.1459585351
Converted Parking Meter,2.0,39.9492357155,-75.1458533804
Staple or Inverted-U,6.0,39.9496939023,-75.145834131
Converted Parking Meter,2.0,39.9498399666,-75.1457235867
Staple or Inverted-U,2.0,39.9500151763,-75.1456761473
Converted Parking Meter,2.0,39.9477182647,-75.151453162
Converted Parking Meter,2.0,39.9477669122,-75.1519145575
Converted Parking Meter,2.0,39.9478628716,-75.1525644856
Staple or Inverted-U,2.0,39.9479343727,-75.153121561
Staple or Inverted-U,2.0,39.947766653,-75.1531875353
Converted Parking Meter,2.0,39.9467995062,-75.1534903735
Converted Parking Meter,2.0,39.9468550181,-75.153486837
Converted Parking Meter,2.0,39.946933901,-75.1540574682
Converted Parking Meter,2.0,39.946974467,-75.1544177331
Converted Parking Meter,2.0,39.9480620336,-75.1541711138
Converted Parking Meter,2.0,39.9480383827,-75.1539052001
Converted Parking Meter,2.0,39.9479814756,-75.1534554716
Converted Parking Meter,2.0,39.9479661551,-75.1533582912
Staple or Inverted-U,2.0,39.9481502765,-75.1548701917
Converted Parking Meter,2.0,39.9481664023,-75.1551050289
Staple or Inverted-U,2.0,39.9481670633,-75.1558791771
Converted Parking Meter,2.0,39.9479572172,-75.1558332546
Converted Parking Meter,2.0,39.9476845499,-75.155925127
Converted Parking Meter,2.0,39.9474627749,-75.1559742912
Staple or Inverted-U,2.0,39.9471345013,-75.1556437428
Converted Parking Meter,2.0,39.9470640512,-75.155667791
Converted Parking Meter,2.0,39.9470312853,-75.1553736288
Converted Parking Meter,2.0,39.9469896106,-75.1549058394
Converted Parking Meter,2.0,39.9467535151,-75.1545719778
Converted Parking Meter,2.0,39.946535221,-75.1546179469
Converted Parking Meter,2.0,39.9457692039,-75.1551697545
Converted Parking Meter,2.0,39.9458031327,-75.1554574166
Staple or Inverted-U,2.0,39.9458125359,-75.1554962619
Staple or Inverted-U,2.0,39.9458133338,-75.155533688
Converted Parking Meter,2.0,39.945819926,-75.1555793566
