<?xml version="1.0" encoding="UTF-8"?>
<metadata xml:lang="en"><dataIdInfo><envirDesc>Microsoft Windows 7 Version 6.1 (Build 7601) Service Pack 1; Esri ArcGIS 10.1.0.3035</envirDesc><dataLang><languageCode value="eng"/><countryCode value="USA"/></dataLang><idCitation><resTitle>CCBikeParking</resTitle><presForm><PresFormCd value="005"/></presForm></idCitation><spatRpType><SpatRepTypCd value="001"/></spatRpType><dataExt><geoEle><GeoBndBox esriExtentType="search"><exTypeCode>1</exTypeCode><westBL>-75.183727</westBL><eastBL>-75.141895</eastBL><northBL>39.959593</northBL><southBL>39.940114</southBL></GeoBndBox></geoEle></dataExt></dataIdInfo><mdLang><languageCode value="eng"/><countryCode value="USA"/></mdLang><mdChar><CharSetCd value="004"/></mdChar><distInfo><distFormat><formatName>Shapefile</formatName></distFormat><distTranOps><transSize>0.000</transSize></distTranOps></distInfo><mdHrLv><ScopeCd value="005"/></mdHrLv><mdHrLvName>dataset</mdHrLvName><refSysInfo><RefSystem><refSysID><identCode code="2272"/><idCodeSpace>EPSG</idCodeSpace><idVersion>7.9.4</idVersion></refSysID></RefSystem></refSysInfo><spatRepInfo><VectSpatRep><geometObjs><geoObjTyp><GeoObjTypCd value="004"/></geoObjTyp><geoObjCnt>0</geoObjCnt></geometObjs><topLvl><TopoLevCd value="001"/></topLvl></VectSpatRep></spatRepInfo><spdoinfo><ptvctinf/></spdoinfo><eainfo><detailed><enttyp><enttypl>CCBikeParking</enttypl></enttyp><attr><attrlabl>FID</attrlabl><attrdef>Internal feature number.</attrdef><attrdefs>Esri</attrdefs><attrdomv><udom>Sequential unique whole numbers that are automatically generated.</udom></attrdomv></attr><attr><attrlabl>Shape</attrlabl><attrdef>Feature geometry.</attrdef><attrdefs>Esri</attrdefs><attrdomv><udom>Coordinates defining the features.</udom></attrdomv></attr><attr><attrlabl>TYPE</attrlabl></attr><attr><attrlabl>CAPACITY</attrlabl></attr></detailed></eainfo><mdDateSt>20140814</mdDateSt></metadata>
